[{"pk": 1, "model": "cms.technology", "fields": {"name": "Cloud/server"}}, {"pk": 3, "model": "cms.technology", "fields": {"name": "Personal computing/devices"}}, {"pk": 1, "model": "cms.programme", "fields": {"name": "Certified Public Cloud"}}, {"pk": 2, "model": "cms.programme", "fields": {"name": "OpenStack"}}, {"pk": 3, "model": "cms.programme", "fields": {"name": "Carrier Advisory Group"}}, {"pk": 4, "model": "cms.programme", "fields": {"name": "Technical Partner Programme"}}, {"pk": 5, "model": "cms.programme", "fields": {"name": "Channel partners"}}, {"pk": 6, "model": "cms.programme", "fields": {"name": "Retailer"}}, {"pk": 7, "model": "cms.programme", "fields": {"name": "Charm Partner Programme"}}, {"pk": 8, "model": "cms.programme", "fields": {"name": "Other"}}, {"pk": 1, "model": "cms.serviceoffered", "fields": {"name": "Software/content publisher"}}, {"pk": 4, "model": "cms.serviceoffered", "fields": {"name": "Infrastructure provider"}}, {"pk": 6, "model": "cms.serviceoffered", "fields": {"name": "System integrator/consultant"}}, {"pk": 7, "model": "cms.serviceoffered", "fields": {"name": "Channel Partners"}}, {"pk": 10, "model": "cms.serviceoffered", "fields": {"name": "Network operator"}}, {"pk": 11, "model": "cms.serviceoffered", "fields": {"name": "Hardware manufacturer"}}, {"pk": 1, "model": "cms.partner", "fields": {"partner_website": "http://www.dell.com/ubuntu", "name": "Dell", "fallback_website": "http://www.dell.com/ubuntu", "notes": "", "long_description": "Canonical and Dell have teamed up to offer an extensive range of desktop, notebook and server configurations, certified and suitable for home use, business use or software development. Dell and Canonical engineers collaborate every day to certify Dell hardware on Ubuntu, to a level that customers can rely on.Dell and Canonical also work together to bring cloud infrastructure solutions to market, based on OpenStack and the Dell & Ubuntu reference architecture.", "dedicated_partner_page": true, "industry_sector": [], "featured": true, "published": true, "short_description": "Canonical and Dell's longstanding partnership has resulted in the continued delivery to market of best in class devices running Ubuntu. Ubuntu is available on multiple client hardware form factors, servers and on the cloud. Whether it's Ubuntu Enterprise Cloud on Dell servers or Ubuntu on home and business netbooks, PCs and workstations, Canonical works closely with Dell's engineering team to pre-install Ubuntu. ...", "logo": "http://assets.ubuntu.com/sites/ubuntu/latest/u/img/logos/logo-pack/logo-dell.svg", "region": [], "technology": [1, 3], "slug": "dell", "service_offered": [11], "programme": [1, 5]}}, {"pk": 5, "model": "cms.partner", "fields": {"partner_website": "http://www.amd.com/", "name": "AMD", "fallback_website": "http://www.amd.com/", "notes": "", "long_description": "", "dedicated_partner_page": true, "industry_sector": [], "featured": true, "published": true, "short_description": "AMD is a semiconductor design innovator driving the next era of digital experiences with its groundbreaking Accelerated Processing Units (APUs). AMD\u2019s server products focus on industry-leading cloud computing and virtualisation environments.", "logo": "http://assets.ubuntu.com/sites/ubuntu/latest/u/img/logos/partners/logo_amd.png", "region": [], "technology": [3], "slug": "amd", "service_offered": [], "programme": [4, 5, 2]}}, {"pk": 6, "model": "cms.partner", "fields": {"partner_website": "http://www.seamicro.com/", "name": "AMD-SeaMicro", "fallback_website": "http://www.seamicro.com/", "notes": "", "long_description": "", "dedicated_partner_page": false, "industry_sector": [], "featured": true, "published": true, "short_description": "AMD-SeaMicro is transforming the data center with servers that draw 1/4 the power and take 1/2 the space of traditional servers. Our servers with Freedom(tm) fabric are the most energy-efficient server systems, and in 10RU, it provides 512 cores, 160 Gbps of networking I/O, and the capacity for more than 5 PB of storage.", "logo": "http://assets.ubuntu.com/sites/ubuntu/latest/u/img/logos/partners/logo-amd-seamicro.png", "region": [], "technology": [], "slug": "amd-seamicro", "service_offered": [7], "programme": [4, 5, 2]}}, {"pk": 7, "model": "cms.partner", "fields": {"partner_website": "http://www.intel.com/", "name": "Intel", "fallback_website": "http://www.intel.com/", "notes": "", "long_description": "", "dedicated_partner_page": true, "industry_sector": [], "featured": true, "published": true, "short_description": "Intel is a world leader in computing innovation. The company designs and builds the essential technologies that serve as the foundation for the world's computing devices.", "logo": "http://assets-server.ubuntu.qa/v1/06ab7505-logo-intel.svg", "region": [], "technology": [1, 3], "slug": "intel", "service_offered": [1], "programme": [4]}}, {"pk": 8, "model": "cms.partner", "fields": {"partner_website": "http://www.arm.com/", "name": "ARM", "fallback_website": "http://www.arm.com/", "notes": "", "long_description": "", "dedicated_partner_page": true, "industry_sector": [], "featured": true, "published": true, "short_description": "The ARM computing architecture has rocketed in popularity since the company started licensing its design in 1990. It has become a standard for modern digital devices from phones to tablets, shipped in billions of devices. ARM\u2019s popularity is a result of high performance coupled with leading power efficiency and low costs.", "logo": "http://assets-server.ubuntu.qa/v1/d9d7c2a6-logo-arm.png", "region": [], "technology": [], "slug": "arm", "service_offered": [11, 7, 10, 1, 6, 4], "programme": [1, 3, 4, 5, 6, 2]}}, {"pk": 9, "model": "cms.partner", "fields": {"partner_website": "http://www.asus.com/", "name": "ASUS", "fallback_website": "http://www.asus.com/", "notes": "", "long_description": "", "dedicated_partner_page": true, "industry_sector": [], "featured": true, "published": true, "short_description": "ASUS has been working with Canonical to bring to market a number of Eee PC netbooks. The Eee PC with Ubuntu is fast, virus-free and packed full of applications through the Ubuntu Software Centre. Given Ubuntu\u2019s six-monthly release cycle, ASUS users can quickly take advantage of future enhancements and always stay up-to-date.", "logo": "http://assets-server.ubuntu.qa/v1/2cbcaac9-logo-asus.png", "region": [], "technology": [3], "slug": "asus", "service_offered": [10], "programme": [4, 5]}}, {"pk": 10, "model": "cms.partner", "fields": {"partner_website": "http://www.cisco.com/c/en/us/index.html", "name": "Cisco", "fallback_website": "http://www.cisco.com/c/en/us/index.html", "notes": "", "long_description": "", "dedicated_partner_page": true, "industry_sector": [], "featured": true, "published": true, "short_description": "Cisco\u2019s Unified Data Center architecture can simplify and accelerate the deployment of scalable cloud solutions. Canonical and Cisco work closely together to ensure the compatibility of Cisco\u2019s products and technologies with Ubuntu Server and Ubuntu OpenStack distributions.", "logo": "http://assets-server.ubuntu.qa/v1/6096a841-logo-cisco.png", "region": [], "technology": [1], "slug": "cisco", "service_offered": [], "programme": [4, 5, 7]}}, {"pk": 11, "model": "cms.partner", "fields": {"partner_website": "http://www.emc.com/", "name": "EMC", "fallback_website": "http://www.emc.com/", "notes": "", "long_description": "", "dedicated_partner_page": true, "industry_sector": [], "featured": true, "published": true, "short_description": "EMC is a global leader in enabling businesses and service providers to transform their operations and deliver information technology as a service (ITaaS). Fundamental to this transformation is cloud computing. Through innovative products and services, EMC accelerates the journey to cloud computing, helping IT departments to store, manage, protect and analyze their most valuable asset \u2014 information \u2014 in a more agile, trusted and cost-efficient way.", "logo": "http://assets-server.ubuntu.qa/v1/d7c61f3d-logo-emc.png", "region": [], "technology": [1], "slug": "emc", "service_offered": [11], "programme": [4]}}, {"pk": 12, "model": "cms.partner", "fields": {"partner_website": "http://www.emulex.com/", "name": "Emulex", "fallback_website": "http://www.emulex.com/", "notes": "", "long_description": "", "dedicated_partner_page": true, "industry_sector": [], "featured": true, "published": true, "short_description": "Emulex, a leader in network connectivity, monitoring and management, provides hardware and software solutions for global networks that support enterprise, cloud, government and telecommunications. Emulex's I/O connectivity offerings, including its line of ultra high-performance Ethernet and Fibre Channel-based products, have been designed into server and storage solutions from leading OEMs.", "logo": "http://assets-server.ubuntu.qa/v1/5a32531d-Emulex_Logo.png", "region": [], "technology": [], "slug": "emulex", "service_offered": [], "programme": [4, 6]}}, {"pk": 13, "model": "cms.partner", "fields": {"partner_website": "http://www.hp.com/", "name": "HP", "fallback_website": "http://www.hp.com/", "notes": "", "long_description": "Ubuntu is the scale-out platform for HP\u2019s ProLiant and Moonshot Systems, and the foundation for HP Cloud Services. Ubuntu is also certified and pre-loaded on the latest HP Laptop and Desktop PCs.Together, Canonical and HP deliver joint engineering, certification and support to give customers the best experience possible.", "dedicated_partner_page": true, "industry_sector": [], "featured": true, "published": true, "short_description": "Ubuntu Server is now certified on industry-standard HP ProLiant servers. Following a series of rigorous tests in the Canonical labs, this certification gives users the reassurance they need that their mid-range HP servers are fully compatible with Ubuntu Server.", "logo": "http://assets-server.ubuntu.qa/v1/4c62c96a-logo-hp.svg", "region": [], "technology": [], "slug": "hp", "service_offered": [10], "programme": [4, 5, 2]}}, {"pk": 14, "model": "cms.partner", "fields": {"partner_website": "http://www.lenovo.com/", "name": "Lenovo", "fallback_website": "http://www.lenovo.com/", "notes": "", "long_description": "", "dedicated_partner_page": true, "industry_sector": [], "featured": true, "published": true, "short_description": "Lenovo is one of the world's leading personal technology companies, producing innovative PCs and mobile internet devices. A global Fortune 500 company, Lenovo is the world's largest PC vendor and fourth largest smartphone company. Lenovo ships Ubuntu laptops, desktops and workstations to both consumers and businesses worldwide. ", "logo": "http://assets-server.ubuntu.qa/v1/ea32380b-logo-lenovo.png", "region": [], "technology": [3], "slug": "lenovo", "service_offered": [11], "programme": [1, 4, 5]}}, {"pk": 15, "model": "cms.partner", "fields": {"partner_website": "http://www.lsi.com/Pages/default.aspx", "name": "LSI", "fallback_website": "http://www.lsi.com/Pages/default.aspx", "notes": "", "long_description": "", "dedicated_partner_page": true, "industry_sector": [], "featured": true, "published": true, "short_description": "LSI designs semiconductors and software that accelerate storage and networking in datacentres, mobile networks and client computing. Their technology is the intelligence critical to enhanced application performance, and is applied in solutions created in collaboration with their partners.", "logo": "http://assets-server.ubuntu.qa/v1/cde73793-LSI_Logo.png", "region": [], "technology": [], "slug": "lsi", "service_offered": [], "programme": [4, 5]}}, {"pk": 16, "model": "cms.partner", "fields": {"partner_website": "http://www.nvidia.com/", "name": "NVIDIA", "fallback_website": "http://www.nvidia.com/", "notes": "", "long_description": "", "dedicated_partner_page": false, "industry_sector": [], "featured": true, "published": true, "short_description": "NVIDIA has pioneered the art and science of visual computing. The company's technologies are transforming a world of displays into a world of interactive discovery \u2014 for everyone from gamers to scientists, and consumers to enterprise customers.", "logo": "http://assets-server.ubuntu.qa/v1/01b2eed1-add.png", "region": [], "technology": [], "slug": "nvidia", "service_offered": [], "programme": [4, 5, 2]}}, {"pk": 17, "model": "cms.partner", "fields": {"partner_website": "http://www.mongodb.com/", "name": "MongoDB", "fallback_website": "http://www.mongodb.com/", "notes": "", "long_description": "", "dedicated_partner_page": false, "industry_sector": [], "featured": false, "published": true, "short_description": "MongoDB, Inc. develops MongoDB, the open source, high performance, scalable, document-oriented database.  MongoDB supports its community and provides subscriptions, consulting, and training for commercial-grade deployments of the open-source database.  \r\n\r\n", "logo": "http://assets.ubuntu.com/sites/ubuntu/1121/u/img/logos/partners/10genLogo_1.png", "region": [], "technology": [1], "slug": "mongodb", "service_offered": [], "programme": [2]}}, {"pk": 18, "model": "cms.partner", "fields": {"partner_website": "http://www.2x.com/", "name": "2x Software", "fallback_website": "http://www.2x.com/", "notes": "", "long_description": "", "dedicated_partner_page": false, "industry_sector": [], "featured": false, "published": true, "short_description": "2x Software offers tailor-made, easy-to-implement and cost-effective server based and virtual computing solutions, including the award-winning 2X VirtualDesktopServer and 2X ApplicationServer, as well as the 2X ThinClientServer and 2X LoadBalancer. With their trademark affordability and simplicity, as well as the unique 2X per-server licensing model, 2X products unlock the full potential of virtualization platforms by improving desktop ...", "logo": "http://assets.ubuntu.com/sites/ubuntu/1121/u/img/logos/partners/2X_logo_small_scaled_.jpg", "region": [], "technology": [], "slug": "2x-software", "service_offered": [], "programme": [2]}}, {"pk": 19, "model": "cms.partner", "fields": {"partner_website": "http://www.accountz.com/", "name": "Accountz", "fallback_website": "http://www.accountz.com/", "notes": "", "long_description": "", "dedicated_partner_page": false, "industry_sector": [], "featured": false, "published": true, "short_description": "Accountz.com manufacture award winning personal and business accounting software. The range is multi platform and runs on Mac, Linux and Windows. Business Accountz comes in Basic, Professional and Enterprise versions. Powerful, yet simple, a VAT return can be produced in one-click and the chart of accounts presents business performance in real-time.", "logo": "http://assets.ubuntu.com/sites/ubuntu/1121/u/img/logos/partners/accountz.png", "region": [], "technology": [], "slug": "accountz", "service_offered": [], "programme": [2]}}, {"pk": 20, "model": "cms.partner", "fields": {"partner_website": "http://www.acelet.com/", "name": "Acelet", "fallback_website": "http://www.acelet.com/", "notes": "", "long_description": "", "dedicated_partner_page": false, "industry_sector": [], "featured": false, "published": true, "short_description": "Acelet Corporation provides cross-platform applications, such as Acelet Filer and Acelet Scheduler. Acelet Filer is a file manager with similar user interface as Windows XP, so you do not have to change your finger habits. Acelet Scheduler is a task scheduler with both daemon and GUI.", "logo": "http://assets.ubuntu.com/sites/ubuntu/1121/u/img/logos/partners/aceletLogo92x25.png", "region": [], "technology": [], "slug": "acelet", "service_offered": [], "programme": [2]}}, {"pk": 21, "model": "cms.partner", "fields": {"partner_website": "http://aws.amazon.com/", "name": "Amazon Web Services LLC", "fallback_website": "http://aws.amazon.com/", "notes": "", "long_description": "", "dedicated_partner_page": false, "industry_sector": [], "featured": false, "published": true, "short_description": "Amazon Web Services LLC With AWS you can requisition computer power, storage, and other services\u2013gaining access to a suite of elastic IT infrastructure services as your business demands them. You pay only for what you use, with no up-front expenses or long-term commitments, making AWS the most cost-effective way to deliver your application to your customers and clients.", "logo": "http://assets.ubuntu.com/sites/ubuntu/1121/u/img/logos/partners/AWS.png", "region": [], "technology": [1, 3], "slug": "amazon-web-services-llc", "service_offered": [4], "programme": [1]}}, {"pk": 22, "model": "cms.partner", "fields": {"partner_website": "http://www.appfirst.com/", "name": "AppFirst", "fallback_website": "http://www.appfirst.com/", "notes": "", "long_description": "", "dedicated_partner_page": false, "industry_sector": [], "featured": false, "published": true, "short_description": "AppFirst is a SaaS-based application monitoring tool that provides complete visibility of an application, helping companies proactively identify and address potential performance issues, plan for future growth, and gain understanding of their application's execution.", "logo": "http://assets.ubuntu.com/sites/ubuntu/1121/u/img/logos/partners/AppFirst_LogoScaled.jpg", "region": [], "technology": [], "slug": "appfirst", "service_offered": [], "programme": [2]}}, {"pk": 23, "model": "cms.partner", "fields": {"partner_website": "http://www.arkeia.com/en/partners/technology-partners/ubuntu", "name": "Arkeia Software", "fallback_website": "http://www.arkeia.com/", "notes": "", "long_description": "", "dedicated_partner_page": false, "industry_sector": [], "featured": false, "published": true, "short_description": "Arkeia Software Arkeia Network Backup, Enterprise Edition for Ubuntu. Arkeia Software provides a fully-licensed, free version of Arkeia Network Backup that is available in the Ubuntu 10.04 LTS software repository. Arkeia Software provides the market's broadest and deepest support for Linux and open source applications, with more than 100 Linux platforms supported.", "logo": "http://assets.ubuntu.com/sites/ubuntu/1121/u/img/logos/partners/ArkeiaSoftware.png", "region": [], "technology": [], "slug": "arkeia-software", "service_offered": [], "programme": [2]}}, {"pk": 24, "model": "cms.partner", "fields": {"partner_website": "http://www.baculasystems.com/", "name": "Bacula Systems", "fallback_website": "http://www.baculasystems.com/\"", "notes": "", "long_description": "", "dedicated_partner_page": false, "industry_sector": [], "featured": false, "published": true, "short_description": "Bacula Systems provides the highest quality support, training and professional services for the Bacula open-source backup and recovery software platform. Bacula is the leading enterprise backup solution that is 100% open-source, free of license costs and adheres strictly to open standards, eliminating the vendor lock-in of proprietary software for thousands of enterprises.", "logo": "http://assets.ubuntu.com/sites/ubuntu/1121/u/img/logos/partners/Bacula.png", "region": [], "technology": [], "slug": "bacula-systems", "service_offered": [], "programme": [2]}}, {"pk": 25, "model": "cms.partner", "fields": {"partner_website": "http://www.beemasterict.com/", "name": "Beemaster ICT", "fallback_website": "http://www.beemasterict.com/", "notes": "", "long_description": "", "dedicated_partner_page": false, "industry_sector": [], "featured": false, "published": true, "short_description": "Beemaster ICT delivers solutions for the Virtual Desktop and Application Delivery market. Our BeeBox allows you to publish any application from anywhere, under any operating system to any access device. With BeeBox, you have all benefits of thin client computing, without the need of a Thin client Infrastructure.", "logo": "http://assets.ubuntu.com/sites/ubuntu/1121/u/img/logos/partners/BEEMLOGO2.png", "region": [], "technology": [], "slug": "beemaster-ict", "service_offered": [], "programme": [2]}}, {"pk": 26, "model": "cms.partner", "fields": {"partner_website": "http://www.bitdefender.com/", "name": "BitDefender", "fallback_website": "http://www.bitdefender.com/", "notes": "", "long_description": "", "dedicated_partner_page": false, "industry_sector": [], "featured": false, "published": true, "short_description": "BitDefender is a leading global provider of security solutions that satisfy the protection requirements of today's computing environment. The company offers one of the industry's fastest and most effective lines of security software, setting new standards for threat prevention, timely detection and mitigation.", "logo": "http://assets.ubuntu.com/sites/ubuntu/1121/u/img/logos/partners/Bitdefender.png", "region": [], "technology": [3], "slug": "bitdefender", "service_offered": [], "programme": [2]}}, {"pk": 27, "model": "cms.partner", "fields": {"partner_website": "http://www.bluecherrydvr.com/", "name": "Bluecherry", "fallback_website": "http://www.bluecherrydvr.com/", "notes": "", "long_description": "", "dedicated_partner_page": false, "industry_sector": [], "featured": false, "published": false, "short_description": "Bluecherry is a commercially maintained Linux based surveillance application which supports our hardware compression video / audio capture cards. Our interface is powerful, feature rich, and user friendly and our software is based around Ubuntu so updates are as easily downloaded from our servers, freeing you from headaches and upgrade nightmares.", "logo": "http://assets.ubuntu.com/sites/ubuntu/1121/u/img/logos/partners/bluecherry.png", "region": [], "technology": [3], "slug": "bluecherry", "service_offered": [], "programme": [2]}}, {"pk": 28, "model": "cms.partner", "fields": {"partner_website": "http://www.bonitasoft.com/", "name": "BonitaSoft", "fallback_website": "http://www.bonitasoft.com/", "notes": "", "long_description": "", "dedicated_partner_page": false, "industry_sector": [], "featured": false, "published": false, "short_description": "BonitaSoft is the leading open source Business Process Management (BPM) company providing Bonita Open Solution, an intuitive and powerful BPM suite: just draw your processes using a BPMN palette, then connect to your existing systems (Oracle, MySQL, LDAP, Google, Twitter, Facebook...) and run your Java BPM application in one click.", "logo": "http://assets.ubuntu.com/sites/ubuntu/1121/u/img/logos/partners/bonitasoft.png", "region": [], "technology": [3], "slug": "bonitasoft", "service_offered": [], "programme": []}}, {"pk": 29, "model": "cms.partner", "fields": {"partner_website": "http://www.serverdensity.com/landing/?a=site&s=ubuntu-partner", "name": "Boxed Ice", "fallback_website": "http://www.serverdensity.com/landing/?a=site&s=ubuntu-partner", "notes": "", "long_description": "", "dedicated_partner_page": false, "industry_sector": [], "featured": false, "published": true, "short_description": "Boxed Ice Server Density is a server monitoring tool provided as a service that makes it easy to start monitoring your server performance and applications such as Apache and MySQL. Get e-mail, SMS and iPhone alerts when things go wrong, troubleshoot historical problems and plan future capacity.", "logo": "http://assets.ubuntu.com/sites/ubuntu/1121/u/img/logos/partners/BoxedIce.png", "region": [], "technology": [], "slug": "boxed-ice", "service_offered": [], "programme": []}}, {"pk": 30, "model": "cms.partner", "fields": {"partner_website": "http://www.bricsys.com/", "name": "Bricsys", "fallback_website": "http://www.bricsys.com/", "notes": "", "long_description": "", "dedicated_partner_page": false, "industry_sector": [], "featured": false, "published": false, "short_description": "Bricsys Bricscad is the number one DWG CAD alternative and offers a complete and recognizable feature set to professional users. Bricscad reads and writes the DWG format and offers high compatibility with AutoCAD\u00ae. Bricscad has a very recognizable intuitive user interface, requires no extra training and is today available in 13 languages.", "logo": "http://assets.ubuntu.com/sites/ubuntu/1121/u/img/logos/partners/bricsys_logo.png", "region": [], "technology": [3], "slug": "bricsys", "service_offered": [], "programme": []}}, {"pk": 31, "model": "cms.partner", "fields": {"partner_website": "http://c12g.com/", "name": "C12G Labs", "fallback_website": "http://c12g.com/", "notes": "", "long_description": "", "dedicated_partner_page": false, "industry_sector": [], "featured": false, "published": true, "short_description": "C12G Labs is the company behind the OpenNebula open-source toolkit for cloud computing. C12G provides enterprise-grade solutions around OpenNebulaPro, which is a stable, certified, and supported distribution of OpenNebula. C12G offers a comprehensive set of services, through which customers and partners can get production level support or build a custom cloud", "logo": "http://assets.ubuntu.com/sites/ubuntu/1121/u/img/logos/partners/opennebula-c12g-partner-72.jpg", "region": [], "technology": [], "slug": "c12g-labs", "service_offered": [], "programme": []}}, {"pk": 32, "model": "cms.partner", "fields": {"partner_website": "http://www.centrify.com/", "name": "Centrify", "fallback_website": "http://www.centrify.com/", "notes": "", "long_description": "", "dedicated_partner_page": false, "industry_sector": [], "featured": false, "published": true, "short_description": "Centrify DirectControl delivers access control and centralized identity management by seamlessly integrating Linux, UNIX, Mac and web platforms with Microsoft Active Directory. DirectControl turns a non-Microsoft system into an Active Directory client, letting you secure that system using the same authentication and Group Policy services deployed for your Windows systems.", "logo": "http://assets.ubuntu.com/sites/ubuntu/1121/u/img/logos/partners/Centrify.png", "region": [], "technology": [3], "slug": "centrify", "service_offered": [1], "programme": []}}, {"pk": 33, "model": "cms.partner", "fields": {"partner_website": "http://www.cfengine.com/", "name": "Cfengine", "fallback_website": "http://www.cfengine.com/", "notes": "", "long_description": "", "dedicated_partner_page": false, "industry_sector": [], "featured": false, "published": false, "short_description": "Cfengine is a versatile and lightweight datacenter management solution based on a well-established\r\ntheory that allows organizations to automate their IT-operations with less risk. Cfengine is one of the most popular solutions in the industry (> 5,000 companies), delivering more reliable IT-services with increased ability to respond to business initiatives.", "logo": "http://assets.ubuntu.com/sites/ubuntu/1121/u/img/logos/partners/CFENGINE.png", "region": [], "technology": [], "slug": "cfengine", "service_offered": [], "programme": []}}, {"pk": 34, "model": "cms.partner", "fields": {"partner_website": "http://cirruscomputing.com/", "name": "Cirrus Computing", "fallback_website": "http://cirruscomputing.com/", "notes": "", "long_description": "", "dedicated_partner_page": false, "industry_sector": [], "featured": false, "published": true, "short_description": "Cirrus Computing provides a complete \u201corganization in the cloud\u201d packaged from the world's leading open source, including networks, desktops, and applications. Access is on virtual Ubuntu desktops from any computer anywhere over the Internet, providing the best user interface available in the cloud. Scaling the organization up or down can be done with a mouse-click.", "logo": "http://assets.ubuntu.com/sites/ubuntu/1121/u/img/logos/partners/CirrusComputing-SCALED.png", "region": [], "technology": [3], "slug": "cirrus-computing", "service_offered": [], "programme": []}}, {"pk": 35, "model": "cms.partner", "fields": {"partner_website": "http://www.cloudera.com/", "name": "Cloudera", "fallback_website": "http://www.cloudera.com/", "notes": "", "long_description": "", "dedicated_partner_page": false, "industry_sector": [], "featured": false, "published": true, "short_description": "Cloudera provides software, support, services and training for the open-source Apache Hadoop software package. Originally developed by dominant web companies like Yahoo! and Facebook, Hadoop is now used widely in finance, telecom, media and government verticals. Cloudera builds upon Hadoop to create a unique data management platform to collect, store and process complex data then ...", "logo": "http://assets.ubuntu.com/sites/ubuntu/1121/u/img/logos/partners/Cloudera.png", "region": [], "technology": [], "slug": "cloudera", "service_offered": [], "programme": []}}, {"pk": 36, "model": "cms.partner", "fields": {"partner_website": "http://cloudkick.com/", "name": "Cloudkick", "fallback_website": "http://cloudkick.com/", "notes": "", "long_description": "", "dedicated_partner_page": false, "industry_sector": [], "featured": false, "published": true, "short_description": "Cloudkick is a management tool and portability layer for cloud based infrastructure. Cloudkick provides a common set of tools, such as performance trending and fault-detection, that work across numerous cloud providers (e.g. Amazon EC2). Additionally, with Hybrid Cloudkick, companies can now manage their existing non-cloud infrastructure as if it was cloud based.", "logo": "http://assets.ubuntu.com/sites/ubuntu/1121/u/img/logos/partners/cloudkick.png", "region": [], "technology": [], "slug": "cloudkick", "service_offered": [], "programme": []}}, {"pk": 37, "model": "cms.partner", "fields": {"partner_website": "http://www.cohesiveft.com/", "name": "Cohesive FT", "fallback_website": "http://www.cohesiveft.com/", "notes": "", "long_description": "", "dedicated_partner_page": false, "industry_sector": [], "featured": false, "published": true, "short_description": "Cohesive Flexible Technologies provides onboarding solutions for virtual and cloud computing infrastructures. Their Elastic Server\u00ae platform is a web-based factory for creating, deploying and managing custom multi-sourced servers comprised of horizontal, open source and third-party software components. Additionally the VPN-Cubed\u00ae packaged service gives customers control of networking in the clouds, across clouds and between their private data cente.", "logo": "http://assets.ubuntu.com/sites/ubuntu/1121/u/img/logos/partners/Logo_CohesiveFT-Logo_2009-3-6.jpg", "region": [], "technology": [], "slug": "cohesive-ft", "service_offered": [], "programme": []}}, {"pk": 38, "model": "cms.partner", "fields": {"partner_website": "http://www.colosa.com/", "name": "Colosa Inc", "fallback_website": "http://www.colosa.com/", "notes": "", "long_description": "", "dedicated_partner_page": false, "industry_sector": [], "featured": false, "published": true, "short_description": "Colosa Inc For workers in organizations that must process and manage a heavy workload of requests as part of their job, ProcessMaker workflow automation software offers help. With limited IT resources, both technology and business users can improve communication and resolution of requests across departments, including human resources, finance, and operations.", "logo": "http://assets.ubuntu.com/sites/ubuntu/1121/u/img/logos/partners/Colosa.png", "region": [], "technology": [], "slug": "colosa-inc", "service_offered": [], "programme": []}}, {"pk": 39, "model": "cms.partner", "fields": {"partner_website": "http://www.commandprompt.com/", "name": "Command Prompt Inc.", "fallback_website": "http://www.commandprompt.com/", "notes": "", "long_description": "", "dedicated_partner_page": false, "industry_sector": [], "featured": false, "published": true, "short_description": "Command Prompt Inc. Based in Oregon, The PostgreSQL Company, Command Prompt, Inc. is the oldest and largest dedicated PostgreSQL support provider in North America. Since 1997, they have been developing, supporting, deploying and advocating the use of the \u201cWorld's Most Advanced Open Source Database\u201d. The preferred deployment platform for PostgreSQL is Ubuntu.", "logo": "http://assets.ubuntu.com/sites/ubuntu/1121/u/img/logos/partners/cmdprompt.png", "region": [], "technology": [], "slug": "command-prompt-inc", "service_offered": [], "programme": []}}, {"pk": 40, "model": "cms.partner", "fields": {"partner_website": "http://www.convirture.com/", "name": "Convirture Corporation", "fallback_website": "http://www.convirture.com/", "notes": "", "long_description": "", "dedicated_partner_page": false, "industry_sector": [], "featured": false, "published": true, "short_description": "ConVirt 2.0 provides enterprise-grade management of open source virtualization platforms, enabling you to build out your virtualized data center and private cloud in the most flexible and cost effective way. ConVirt manages both Xen and KVM, shipped with commercial or community Linux distributions , from a single console and with consistent feature set across virtualization ...", "logo": "http://assets.ubuntu.com/sites/ubuntu/1121/u/img/logos/partners/Convirture_Logo_scaled.jpg", "region": [], "technology": [], "slug": "convirture-corporation", "service_offered": [], "programme": []}}, {"pk": 41, "model": "cms.partner", "fields": {"partner_website": "http://www.couchbase.com/", "name": "Couchbase", "fallback_website": "http://www.couchbase.com/", "notes": "", "long_description": "", "dedicated_partner_page": false, "industry_sector": [], "featured": false, "published": true, "short_description": "Couchbase is the name of the NoSQL database company and product family created through the merger of CouchOne and Membase. Couchbase products, which are built on Apache CouchDB, Membase, and memcached open source software, represent the most comprehensive family of data management solutions for building scalable web and mobile applications.", "logo": "http://assets.ubuntu.com/sites/ubuntu/1121/u/img/logos/partners/couchbase_logo_final_SCALED___.png", "region": [], "technology": [], "slug": "couchbase", "service_offered": [], "programme": []}}, {"pk": 42, "model": "cms.partner", "fields": {"partner_website": "http://www.yassl.com/", "name": "CyaSSL", "fallback_website": "http://www.yassl.com/", "notes": "", "long_description": "", "dedicated_partner_page": false, "industry_sector": [], "featured": false, "published": true, "short_description": "CyaSSL is a lightweight yet fully functional embedded SSL Library for programmers building security into applications and devices. CyaSSL employs the dual licensing model, like MySQL, so it is available under the open source GPLv2 and standard commercial licensing.", "logo": "http://assets.ubuntu.com/sites/ubuntu/1121/u/img/logos/partners/yaSSLLog_scaled____.jpg", "region": [], "technology": [], "slug": "cyassl", "service_offered": [], "programme": []}}, {"pk": 43, "model": "cms.partner", "fields": {"partner_website": "http://www.eucalyptus.com/", "name": "Eucalyptus Systems, Inc", "fallback_website": "http://www.eucalyptus.com/", "notes": "", "long_description": "", "dedicated_partner_page": false, "industry_sector": [], "featured": false, "published": true, "short_description": "Eucalyptus Systems, Inc is an open-source system for implementing on-premise private and hybrid clouds using the hardware and software infrastructure that is in place, without modification. With Eucalyptus, IT organizations reduce both costs and system administration burden while providing end-users superior levels of service through public cloud interoperability and Linux distribution portability.", "logo": "http://assets.ubuntu.com/sites/ubuntu/1121/u/img/logos/partners/Logo-Eucalyptus_Logo_two_words.png", "region": [], "technology": [], "slug": "eucalyptus-systems-inc", "service_offered": [], "programme": []}}, {"pk": 44, "model": "cms.partner", "fields": {"partner_website": "", "name": "Fermat Consulting", "fallback_website": "", "notes": "", "long_description": "", "dedicated_partner_page": false, "industry_sector": [], "featured": false, "published": true, "short_description": "Fermat Consulting is specialized in providing services for financial derivative contracts valuation and risk management. With the Fairmat project we are committed to make financial valuation accessible to (almost) everyone and to provide a flexible tool that can be extended to cover (almost) any derivative contracts on (almost) any underlying asset.", "logo": "http://assets.ubuntu.com/sites/ubuntu/1121/u/img/logos/partners/fermat.png", "region": [], "technology": [], "slug": "fermat-consulting", "service_offered": [], "programme": []}}, {"pk": 45, "model": "cms.partner", "fields": {"partner_website": "http://www.fluendo.com/", "name": "Fluendo", "fallback_website": "http://www.fluendo.com/", "notes": "", "long_description": "", "dedicated_partner_page": false, "industry_sector": [], "featured": false, "published": true, "short_description": "For several years Fluendo has been recognized as a leading provider of multimedia solutions for GNU/Linux and Free Software in general. Fluendo provides a wide range of products on and for GStreamer, including proprietary codecs with their respective patent licenses, a DVD player and a media center. The Fluendo MP3 decoder is included in Ubuntu ...", "logo": "http://assets.ubuntu.com/sites/ubuntu/1121/u/img/logos/partners/Fluendo-new.png", "region": [], "technology": [], "slug": "fluendo", "service_offered": [], "programme": []}}, {"pk": 46, "model": "cms.partner", "fields": {"partner_website": "http://www.foradian.com/", "name": "Foradian Technologies", "fallback_website": "http://www.foradian.com/", "notes": "", "long_description": "", "dedicated_partner_page": false, "industry_sector": [], "featured": false, "published": true, "short_description": "Foradian Technologies is an internet engineering company based out of India who loves developing amazing web applications on open-source technologies. Foradian is well known for Project Fedena [www.projectfedena.org] - an open-source school ERP, which is getting implemented in educational institutes all around the world.", "logo": "http://assets.ubuntu.com/sites/ubuntu/1121/u/img/logos/partners/foradian_logoscaled_.png", "region": [], "technology": [], "slug": "foradian-technologies", "service_offered": [], "programme": []}}, {"pk": 47, "model": "cms.partner", "fields": {"partner_website": "http://www.axigen.com/", "name": "Gecad Technologies", "fallback_website": "http://www.axigen.com/", "notes": "", "long_description": "", "dedicated_partner_page": false, "industry_sector": [], "featured": true, "published": true, "short_description": "Gecad Technologies Established in 2001, Gecad Technologies focuses on the development and distribution of innovative messaging solutions, under the brand name AXIGEN. AXIGEN Mail Server is THE mail server for Linux professionals, offering unmatched manageability and control over all details email traffic and being backed by outstanding 24/7 technical support services.", "logo": "http://assets.ubuntu.com/sites/ubuntu/1121/u/img/logos/partners/axigen.png", "region": [], "technology": [], "slug": "gecad-technologies", "service_offered": [], "programme": [2]}}, {"pk": 48, "model": "cms.partner", "fields": {"partner_website": "http://www.graebert.com/", "name": "Graebert GmbH", "fallback_website": "http://www.graebert.com/", "notes": "", "long_description": "", "dedicated_partner_page": false, "industry_sector": [], "featured": false, "published": true, "short_description": "ARES\u2122 Commander Edition is the world\u2019s first professional native DWG 2D/3D CAD software for all three major platforms: Windows\u00ae, Mac\u00ae OS X and Linux. It\u2019s available in 13 languages, fully compatible with the latest AutoCAD\u00ae DWG/DXF standards and integrates ACIS 3D Solid Modeling. Graebert\u2019s SDK allows companies to create custom applications based on ARES \u2013 ...", "logo": "http://assets.ubuntu.com/sites/ubuntu/1123/u/img/logos/partners/graebert_vert_scaled.jpg", "region": [], "technology": [3], "slug": "graebert-gmbh", "service_offered": [1], "programme": [8]}}, {"pk": 49, "model": "cms.partner", "fields": {"partner_website": "http://www.gwos.com/", "name": "GroundWork Open Source, Inc", "fallback_website": "http://www.gwos.com/", "notes": "", "long_description": "", "dedicated_partner_page": false, "industry_sector": [], "featured": false, "published": true, "short_description": "GroundWork Open Source, Inc. is the market leader in commercial open source network and systems management software, delivering enterprise-class network, system and application management solutions at a fraction of the cost of proprietary solutions. GWOS's best of breed approach gives customers the flexibility to use diverse open source and proprietary technologies together under a unified interface, allowing users to ...", "logo": "http://assets.ubuntu.com/sites/ubuntu/1123/u/img/logos/partners/GWOS_scaled.jpg", "region": [], "technology": [1], "slug": "groundwork-open-source-inc", "service_offered": [1], "programme": [8]}}, {"pk": 50, "model": "cms.partner", "fields": {"partner_website": "http://www.hansaworld.com/", "name": "HansaWorld", "fallback_website": "http://www.hansaworld.com/", "notes": "", "long_description": "", "dedicated_partner_page": false, "industry_sector": [], "featured": false, "published": true, "short_description": "HansaWorld provides integrated business solutions including financials, ERP, CRM, e-Business, retail and production. HansaWorld is available in 28 languages and is represented in many countries in Europe, Latin America, Africa, Australia, Asia and the Middle East. HansaWorld carries out continuous industry leading research and development, pioneering the use of modern technology for ERP and CRM.", "logo": "http://assets.ubuntu.com/sites/ubuntu/1123/u/img/logos/partners/Hansaworld.png", "region": [], "technology": [1], "slug": "hansaworld", "service_offered": [1], "programme": [8]}}, {"pk": 51, "model": "cms.partner", "fields": {"partner_website": "http://www.i4ware.fi/", "name": "i4ware Software", "fallback_website": "http://www.i4ware.fi/", "notes": "", "long_description": "", "dedicated_partner_page": false, "industry_sector": [], "featured": false, "published": true, "short_description": "i4ware Software provides a professional services and product for Application Lifecycle Management and Software Development. Company focusing to make these services and product for Ubuntu Server or Ubuntu Desktop supported.", "logo": "http://assets.ubuntu.com/sites/ubuntu/1123/u/img/logos/partners/i4waresoftwarelogo2.png", "region": [], "technology": [1, 3], "slug": "i4ware-software", "service_offered": [1], "programme": [8]}}, {"pk": 52, "model": "cms.partner", "fields": {"partner_website": "http://www.ultraedit.com/", "name": "IDM Computer Solutions", "fallback_website": "http://www.ultraedit.com/", "notes": "", "long_description": "", "dedicated_partner_page": false, "industry_sector": [], "featured": false, "published": true, "short_description": "IDM Computer Solutions UltraEdit is the ideal text, hex and advanced programmer's editor. With millions of users worldwide, UltraEdit is the #1 selling, most powerful, value priced text editor available! Download UEx today in the Ubuntu Partner Repository and discover why millions prefer UltraEdit as their text editing solution! Exclusive Ubuntu community discounts sponsored by Canonical and IDM.", "logo": "http://assets.ubuntu.com/sites/ubuntu/1123/u/img/logos/partners/UltraEdit.png", "region": [], "technology": [3], "slug": "idm-computer-solutions", "service_offered": [1], "programme": [8]}}, {"pk": 53, "model": "cms.partner", "fields": {"partner_website": "http://www.inlab.de/balanceng/", "name": "Inlab Software GmbH", "fallback_website": "http://www.inlab.de/balanceng/", "notes": "", "long_description": "", "dedicated_partner_page": false, "industry_sector": [], "featured": false, "published": true, "short_description": "Inlab Software GmbH offers BalanceNG, a software based TCP/IP load-balancer.", "logo": "http://assets.ubuntu.com/sites/ubuntu/1123/u/img/logos/partners/inlab.png", "region": [], "technology": [1], "slug": "inlab-software-gmbh", "service_offered": [1], "programme": [8]}}, {"pk": 54, "model": "cms.partner", "fields": {"partner_website": "http://www.intalio.com/", "name": "Intalio", "fallback_website": "http://www.intalio.com/", "notes": "", "long_description": "", "dedicated_partner_page": false, "industry_sector": [], "featured": false, "published": true, "short_description": "Intalio is the first company to deliver an integrated cloud computing platform designed for the Enterprise. Intalio|Cloud leverages a unique combination of hardware and software to deliver an enterprise-grade cloud computing experience, with dynamic provisioning and elastic scalability. Intalio offers services to enable its customers to efficiently and quickly deploy cloud-computing solutions in their Enterprises.", "logo": "http://assets.ubuntu.com/sites/ubuntu/1123/u/img/logos/partners/Intalio.png", "region": [], "technology": [3], "slug": "intalio", "service_offered": [1], "programme": [8]}}, {"pk": 55, "model": "cms.partner", "fields": {"partner_website": "http://www.k7cloud.com/", "name": "K7 CloudSolutions Pvt", "fallback_website": "http://www.k7cloud.com/", "notes": "", "long_description": "", "dedicated_partner_page": false, "industry_sector": [], "featured": false, "published": true, "short_description": "K7 CloudSolutions Pvt Turn public or private clouds into PaaS offerings easily with K7 Cloud's Cyclozzo. Cyclozzo is designed to easily accommodate future PaaS standards. Currently, Cyclozzo fully re-implements Google(TM) App Engine's Java and Python APIs, enabling users to migrate applications to and from GAE and Cyclozzo without changing application code.", "logo": "http://assets.ubuntu.com/sites/ubuntu/1123/u/img/logos/partners/K7Cloudlogo_scaled.png", "region": [], "technology": [1], "slug": "k7-cloudsolutions-pvt", "service_offered": [1], "programme": [8]}}, {"pk": 56, "model": "cms.partner", "fields": {"partner_website": "http://www.kaavo.com/", "name": "Kaavo", "fallback_website": "http://www.kaavo.com/", "notes": "", "long_description": "", "dedicated_partner_page": false, "industry_sector": [], "featured": false, "published": true, "short_description": "Kaavo provides solutions for managing distributed applications and workloads in the clouds. Kaavo is the first and only company to deliver a solution with a top down application focused approach to IT infrastructure management in public and private clouds; enabling users to maximize the full potential of cloud computing.", "logo": "http://assets.ubuntu.com/sites/ubuntu/1123/u/img/logos/partners/Kaavo.png", "region": [], "technology": [1], "slug": "kaavo", "service_offered": [1], "programme": [8]}}, {"pk": 57, "model": "cms.partner", "fields": {"partner_website": "http://www.karmasphere.com/", "name": "Karmasphere", "fallback_website": "http://www.karmasphere.com/", "notes": "", "long_description": "", "dedicated_partner_page": false, "industry_sector": [], "featured": false, "published": true, "short_description": "Karmasphere is a Big Data Intelligence software company bringing Apache Hadoop power to the desktop. Karmasphere Studio takes developers and architects from learning to production quality development and is available in free Community and Professional editions. Karmasphere Analyst gives analysts easy, familiar, graphical SQL access to big data in Hadoop.", "logo": "http://assets.ubuntu.com/sites/ubuntu/1123/u/img/logos/partners/karmasphere_logo_scaled.jpg", "region": [], "technology": [1], "slug": "karmasphere", "service_offered": [1], "programme": [8]}}, {"pk": 58, "model": "cms.partner", "fields": {"partner_website": "http://www.knowledgetree.com/", "name": "KnowledgeTree Inc", "fallback_website": "http://www.knowledgetree.com/", "notes": "", "long_description": "", "dedicated_partner_page": false, "industry_sector": [], "featured": false, "published": false, "short_description": "KnowledgeTree Inc makes sharing content and controlling document processes simple with secure, affordable online document management solutions for growing SMBs and departments at larger companies. Designed for business professionals, KnowledgeTree is easy to use, does not require extensive training and enables content to be accessed and managed anytime, anywhere via cloud computing.", "logo": "http://assets.ubuntu.com/sites/ubuntu/1123/u/img/logos/partners/knowledgetree.png", "region": [], "technology": [], "slug": "knowledgetree-inc", "service_offered": [], "programme": []}}, {"pk": 59, "model": "cms.partner", "fields": {"partner_website": "http://www.beyondtrust.com/", "name": "BeyondTrust", "fallback_website": "http://www.beyondtrust.com/", "notes": "", "long_description": "", "dedicated_partner_page": false, "industry_sector": [], "featured": false, "published": true, "short_description": "BeyondTrust is the only security solution vendor providing Context-Aware Security Intelligence, giving our customers the visibility and controls necessary to reduce their IT security risks, while at the same time simplifying their compliance reporting.", "logo": "http://assets.ubuntu.com/sites/ubuntu/1123/u/img/logos/partners/beyondtrustlogo.jpeg", "region": [], "technology": [], "slug": "beyondtrust", "service_offered": [], "programme": []}}, {"pk": 60, "model": "cms.partner", "fields": {"partner_website": "http://www.linmin.com/", "name": "LinMin Corp", "fallback_website": "http://www.linmin.com/", "notes": "", "long_description": "", "dedicated_partner_page": false, "industry_sector": [], "featured": false, "published": true, "short_description": "LinMin Corp LinMin Bare Metal Provisioning remotely installs Ubuntu and other operating systems onto servers, blades, desktops and virtual machines. In addition to true native and unattended distro installations, LinMin can also capture entire disk images, store them on the network and restore them for disaster recovery or clone them to identical hardware.", "logo": "http://assets.ubuntu.com/sites/ubuntu/1123/u/img/logos/partners/LB_logo_blackback_scaled.jpg", "region": [], "technology": [], "slug": "linmin-corp", "service_offered": [1], "programme": [8]}}, {"pk": 61, "model": "cms.partner", "fields": {"partner_website": "http://www.magnolia-cms.com/", "name": "Magnolia", "fallback_website": "http://www.magnolia-cms.com/", "notes": "", "long_description": "", "dedicated_partner_page": false, "industry_sector": [], "featured": false, "published": true, "short_description": "Magnolia CMS powers the websites of governments as well as leading Fortune 500 enterprises world-wide. It is favored for its ease-of-use and availability under an Open Source license. Magnolia contains best-of-breed Java technology based on open standards and best practices.", "logo": "http://assets.ubuntu.com/sites/ubuntu/1123/u/img/logos/partners/magnolia.png", "region": [], "technology": [], "slug": "magnolia", "service_offered": [], "programme": []}}, {"pk": 62, "model": "cms.partner", "fields": {"partner_website": "http://www.manageiq.com/", "name": "ManageIQ", "fallback_website": "http://www.manageiq.com/", "notes": "", "long_description": "", "dedicated_partner_page": false, "industry_sector": [], "featured": false, "published": true, "short_description": "ManageIQ, Inc. is the emerging leader in the management and automation of virtualized computing environments. ManageIQ solutions are designed and built for the unique challenges introduced by virtualization and enable IT organizations to realize the benefits of virtualization while achieving higher levels of insight, control and automation.", "logo": "http://assets.ubuntu.com/sites/ubuntu/1123/u/img/logos/partners/ManageIQ.png", "region": [], "technology": [], "slug": "manageiq", "service_offered": [], "programme": []}}, {"pk": 63, "model": "cms.partner", "fields": {"partner_website": "http://www.mapr.com/", "name": "MapR", "fallback_website": "http://www.mapr.com/", "notes": "", "long_description": "", "dedicated_partner_page": false, "industry_sector": [], "featured": false, "published": true, "short_description": "MapR delivers on the promise of Hadoop with a proven, enterprise-grade platform that supports a broad set of mission-critical and real-time production uses. MapR brings unprecedented dependability, ease-of-use and world-record speed to Hadoop, NoSQL, database and streaming applications in one unified Big Data platform.", "logo": "http://assets.ubuntu.com/sites/ubuntu/1149/u/img/logos/partners/mapr_logo.jpg", "region": [], "technology": [1], "slug": "mapr", "service_offered": [4], "programme": [1, 2]}}, {"pk": 64, "model": "cms.partner", "fields": {"partner_website": "http://www.salbaba.co.at/", "name": "Martin Salbaba Software design", "fallback_website": "http://www.salbaba.co.at/", "notes": "", "long_description": "", "dedicated_partner_page": false, "industry_sector": [], "featured": false, "published": true, "short_description": "Martin Salbaba Software design offers with i.mdm an economic and safe ECM solution for enterprise archives.", "logo": "http://www.salbaba.co.at/salbabalogo.gif", "region": [], "technology": [], "slug": "martin-salbaba-software-design", "service_offered": [], "programme": []}}, {"pk": 65, "model": "cms.partner", "fields": {"partner_website": "http://www.mulesoft.com/", "name": "Mulesoft", "fallback_website": "http://www.mulesoft.com/", "notes": "", "long_description": "", "dedicated_partner_page": false, "industry_sector": [], "featured": false, "published": true, "short_description": "Mulesoft is the Web Middleware Company, providing enterprise-class software based on the world's most popular open source application infrastructure products, Apache Tomcat and Mule ESB. Tcat Server is a fully-supported enterprise Tomcat server, simplifying management and application provisioning tasks for Tomcat developers and administrators. MuleSoft\u2019s products boast over 1.5m downloads and over than 2,500 production deployments.", "logo": "http://assets.ubuntu.com/sites/ubuntu/1149/u/img/logos/partners/mulesoft.png", "region": [], "technology": [], "slug": "mulesoft", "service_offered": [], "programme": []}}, {"pk": 66, "model": "cms.partner", "fields": {"partner_website": "http://www.muli.com.au/", "name": "Muli", "fallback_website": "http://www.muli.com.au/", "notes": "", "long_description": "", "dedicated_partner_page": false, "industry_sector": [], "featured": false, "published": true, "short_description": "Muli Management Pty Ltd is a 29 year old \u201cOpen Core\u201d developer of a suite of 500 applications providing Project Risk, Accounts and Process Management from in-house and cloud Ubuntu Linux Servers with x2go desktop access from Linux, Macintosh and Windows PC's. Our goal is to provide worldwide support and training through local Muli Associates.", "logo": "http://assets.ubuntu.com/sites/ubuntu/1149/u/img/logos/partners/muli_logo_scaled.png", "region": [], "technology": [], "slug": "muli", "service_offered": [], "programme": []}}, {"pk": 67, "model": "cms.partner", "fields": {"partner_website": "http://www.mysql.com/", "name": "MySQL Ab", "fallback_website": "http://www.mysql.com/", "notes": "", "long_description": "", "dedicated_partner_page": false, "industry_sector": [], "featured": false, "published": true, "short_description": "MySQL Ab provides database products to meet the needs of ISV/OEM, Enterprise, and Community Users.", "logo": "http://assets.ubuntu.com/sites/ubuntu/1149/u/img/logos/partners/MySQL.png", "region": [], "technology": [], "slug": "mysql-ab", "service_offered": [], "programme": []}}, {"pk": 68, "model": "cms.partner", "fields": {"partner_website": "http://www.nuisoft.com/", "name": "Nuisoft", "fallback_website": "http://www.nuisoft.com/", "notes": "", "long_description": "", "dedicated_partner_page": false, "industry_sector": [], "featured": false, "published": true, "short_description": "Nuisoft provides custom software development, training and infrastructure management solutions for business. Nuisoft specializes in virtualization and scheduling solutions and offer full service proactive management of customer environments. Managed on an on or off premise outsourced solution we reduce complexity and help manage costs.", "logo": "http://assets.ubuntu.com/sites/ubuntu/1149/u/img/logos/partners/nuisoft.png", "region": [], "technology": [], "slug": "nuisoft", "service_offered": [], "programme": []}}, {"pk": 69, "model": "cms.partner", "fields": {"partner_website": "", "name": "NullBound ", "fallback_website": "", "notes": "", "long_description": "", "dedicated_partner_page": false, "industry_sector": [], "featured": false, "published": false, "short_description": "The NullBound Malware Prevention System utilizes an advanced filtering process unlike anything else. Our unique, cutting edge technology allows you to protect an entire enterprise network, regardless of size. This proactive system runs on a stable, secure Linux platform that protects your network passively through a mirrored port on your switch.", "logo": "http://assets.ubuntu.com/sites/ubuntu/1149/u/img/logos/partners/Nullbound_.png", "region": [], "technology": [], "slug": "nullbound", "service_offered": [], "programme": []}}, {"pk": 70, "model": "cms.partner", "fields": {"partner_website": "http://www.nuxeo.com/en", "name": "Nuxeo", "fallback_website": "http://www.nuxeo.com/en", "notes": "", "long_description": "", "dedicated_partner_page": false, "industry_sector": [], "featured": false, "published": true, "short_description": "Nuxeo provides a modular, extensible Java-based open source software platform for enterprise content management and packaged applications for document management , digital asset management and case management. Designed by developers for developers, the Nuxeo platform offers modern technologies, a powerful plugin model and extensive packaging capabilities for building modern content applications.", "logo": "http://assets.ubuntu.com/sites/ubuntu/1149/u/img/logos/partners/nuxeo_logo_black_scaled__.png", "region": [], "technology": [], "slug": "nuxeo", "service_offered": [], "programme": []}}, {"pk": 71, "model": "cms.partner", "fields": {"partner_website": "http://www.safesquid.com/", "name": "Office Efficiencies (India) Private Limited - OEIPL", "fallback_website": "http://www.safesquid.com/", "notes": "", "long_description": "", "dedicated_partner_page": false, "industry_sector": [], "featured": false, "published": true, "short_description": "SafeSquid is brought to you by Office Efficiencies (India) Private Limited - OEIPL. SafeSquid is the \"Best-of-the-Breed\" Content Filtering Proxy Server. SafeSquid arguably has the most comprehensive set of features to serve most complex and large networks. OEIPL is based in India - an extremely price and value sensitive market for IT.", "logo": "http://assets.ubuntu.com/sites/ubuntu/1149/u/img/logos/partners/safesquid-logo.png", "region": [], "technology": [], "slug": "office-efficiencies-india-private-limited-oeipl", "service_offered": [], "programme": []}}, {"pk": 72, "model": "cms.partner", "fields": {"partner_website": "http://www.openbravo.com/", "name": "Openbravo", "fallback_website": "http://www.openbravo.com/", "notes": "", "long_description": "", "dedicated_partner_page": false, "industry_sector": [], "featured": false, "published": true, "short_description": "Openbravo is the leading professional web-based open source enterprise management (ERP) solution for small and midsize enterprises (SMEs). Driven by open source philosophies and best-in-class services, it delivers a fully integrated, web-based ERP system tailored to the needs of any company, regardless of size or industry sector.", "logo": "http://assets.ubuntu.com/sites/ubuntu/1149/u/img/logos/partners/openbravo__.png", "region": [], "technology": [], "slug": "openbravo", "service_offered": [], "programme": []}}, {"pk": 73, "model": "cms.partner", "fields": {"partner_website": "http://www.openqrm-enterprise.com/", "name": "openQRM Enterprise", "fallback_website": "http://www.openqrm-enterprise.com/", "notes": "", "long_description": "", "dedicated_partner_page": false, "industry_sector": [], "featured": false, "published": true, "short_description": "openQRM Enterprise consolidates the technical competence of the openQRM Data Center Management and Cloud Computing Platform to supply expert knowledge, professional services and long-term support for custom, sustainable Data Center setups. openQRM Enterprise reduces the Total Cost of Ownership (TCO) for IT departments using a proven open source framework.", "logo": "http://assets.ubuntu.com/sites/ubuntu/1149/u/img/logos/partners/openqrm.png", "region": [], "technology": [], "slug": "openqrm-enterprise", "service_offered": [], "programme": []}}, {"pk": 74, "model": "cms.partner", "fields": {"partner_website": "http://www.opera.com/", "name": "Opera Software", "fallback_website": "http://www.opera.com/", "notes": "", "long_description": "", "dedicated_partner_page": false, "industry_sector": [], "featured": false, "published": true, "short_description": "Opera Software Secure, fast, and easy to use, the full-featured Opera browser gives The Best Internet Experience.", "logo": "http://assets.ubuntu.com/sites/ubuntu/1149/u/img/logos/partners/Opera.png", "region": [], "technology": [], "slug": "opera-software", "service_offered": [], "programme": []}}, {"pk": 75, "model": "cms.partner", "fields": {"partner_website": "http://www.opservices.com.br/", "name": "OpServices", "fallback_website": "http://www.opservices.com.br/", "notes": "", "long_description": "", "dedicated_partner_page": false, "industry_sector": [], "featured": false, "published": true, "short_description": "OpServices is an enterprise dedicated to IT Governance and IT infrastructure and business process monitoring. Created in 2003, offers services and products for the control of availability, performance and security of all the informatizing elements (IT) and sustain those processes, such as communication and energy networks, data banks, operational machines, etc. Its main product is the ...", "logo": "http://assets.ubuntu.com/sites/ubuntu/1149/u/img/logos/partners/opmon_by_opservices_scaled.jpg", "region": [], "technology": [], "slug": "opservices", "service_offered": [], "programme": []}}, {"pk": 76, "model": "cms.partner", "fields": {"partner_website": "http://www.opsview.com/", "name": "Opsview", "fallback_website": "http://www.opsview.com/", "notes": "", "long_description": "", "dedicated_partner_page": false, "industry_sector": [], "featured": false, "published": true, "short_description": "Opsview delivers business-powered monitoring without the complexity or expense of proprietary software. This integrated and commercially-supported open source product gives you a simplified deployment experience, a single console for managing and monitoring distributed deployments, and a comprehensive view of your physical, virtualised and hybrid cloud infrastructure.", "logo": "http://assets.ubuntu.com/sites/ubuntu/1149/u/img/logos/partners/opsview-logo.scaled.png", "region": [], "technology": [], "slug": "opsview", "service_offered": [], "programme": []}}, {"pk": 77, "model": "cms.partner", "fields": {"partner_website": "http://www.optimumorg.com/", "name": "Optimum", "fallback_website": "http://www.optimumorg.com/", "notes": "", "long_description": "", "dedicated_partner_page": false, "industry_sector": [], "featured": false, "published": true, "short_description": "Optimum provides a wide range of integrated solutions that contribute in developing the business, the solutions offered vary from: Business Consulting Services to operational excellence and Health, Safety and Environment Systems, Information Technology Professional Services as well as IT systems from ERP to business diagnosis tools and Training Services.", "logo": "http://assets.ubuntu.com/sites/ubuntu/1149/u/img/logos/partners/Optimum.png", "region": [], "technology": [], "slug": "optimum", "service_offered": [], "programme": []}}, {"pk": 78, "model": "cms.partner", "fields": {"partner_website": "", "name": "Parallels", "fallback_website": "", "notes": "", "long_description": "", "dedicated_partner_page": false, "industry_sector": [], "featured": false, "published": false, "short_description": "Parallels (formerly SWsoft) is a worldwide leader in virtualization and automation software that optimizes computing for consumers, businesses, and service providers across all major hardware, operating system, and virtualization platforms. Founded in 1999, Parallels is a fast-growing company with 900 employees in North America, Europe, and Asia.", "logo": "http://assets.ubuntu.com/sites/ubuntu/1149/u/img/logos/partners/parallels.png", "region": [], "technology": [], "slug": "parallels", "service_offered": [], "programme": []}}, {"pk": 79, "model": "cms.partner", "fields": {"partner_website": "http://www.pgp.com/", "name": "PGP Corporation", "fallback_website": "http://www.pgp.com/", "notes": "", "long_description": "", "dedicated_partner_page": false, "industry_sector": [], "featured": false, "published": true, "short_description": "PGP Corporation is a global leader in email and data encryption software for enterprise data protection. Based on a unified key management and policy infrastructure, the PGP\u00ae Encryption Platform offers the broadest set of integrated applications for enterprise data security. PGP\u00ae platform-enabled applications allow organizations to meet current needs and expand as security requirements evolve.", "logo": "http://assets.ubuntu.com/sites/ubuntu/1149/u/img/logos/partners/PGP.png", "region": [], "technology": [], "slug": "pgp-corporation", "service_offered": [], "programme": []}}, {"pk": 80, "model": "cms.partner", "fields": {"partner_website": "http://reductivelabs.com/", "name": "Puppet Labs", "fallback_website": "http://reductivelabs.com/", "notes": "", "long_description": "", "dedicated_partner_page": false, "industry_sector": [], "featured": false, "published": true, "short_description": "Puppet is the leading open source tool for data center automation. Puppet helps you save time, gain visibility into your server environment, and ensure consistency across your IT infrastructure. Our mission is to lead the development of Puppet, share our experience with others, and provide training, consulting, and support for our community.", "logo": "http://assets.ubuntu.com/sites/ubuntu/1149/u/img/logos/partners/puppet-labs-black.png", "region": [], "technology": [], "slug": "puppet-labs", "service_offered": [], "programme": []}}, {"pk": 81, "model": "cms.partner", "fields": {"partner_website": "http://www.randrinc.com/", "name": "Randr, Inc", "fallback_website": "http://www.randrinc.com/", "notes": "", "long_description": "", "dedicated_partner_page": false, "industry_sector": [], "featured": false, "published": true, "short_description": "Randr develops Free Open Source Business Software Solutions for Entrepreneurial, Midrange Businesses. Our primary offerings are Rental Portal and Web Business Suite. Randr's domain expertise is in Wholesale\r\nDistribution, Light Manufacturing, Commercial Rental, Warehouse Management, Reverse SCM, and Organic SEO/SEM. We are working on simplifying the installation and support processes.", "logo": "http://assets.ubuntu.com/sites/ubuntu/1149/u/img/logos/partners/RandrLogo.png", "region": [], "technology": [], "slug": "randr-inc", "service_offered": [], "programme": []}}, {"pk": 82, "model": "cms.partner", "fields": {"partner_website": "http://www.real.com/", "name": "RealNetworks Inc", "fallback_website": "http://www.real.com/", "notes": "", "long_description": "", "dedicated_partner_page": false, "industry_sector": [], "featured": false, "published": true, "short_description": "RealPlayer lets you play every major media type, delivers pristine audio and video playback quality, plays CDs, DVDs and all major file type.", "logo": "http://assets.ubuntu.com/sites/ubuntu/1149/u/img/logos/partners/Real.png", "region": [], "technology": [], "slug": "realnetworks-inc", "service_offered": [], "programme": []}}, {"pk": 83, "model": "cms.partner", "fields": {"partner_website": "http://www.realbasic.com/", "name": "REAL Software Inc", "fallback_website": "http://www.realbasic.com/", "notes": "", "long_description": "", "dedicated_partner_page": false, "industry_sector": [], "featured": false, "published": true, "short_description": "REAL Software Inc. provides powerful tools for software developers. REALbasic is a rapid-application development (RAD) environment for Linux, Windows and Mac OS X that compiles fully native applications for all three operating systems from one source project. REAL SQL Server is a fast and reliable database server ideal for use with REALbasic applications.", "logo": "http://assets.ubuntu.com/sites/ubuntu/1149/u/img/logos/partners/Realsoftware.png", "region": [], "technology": [], "slug": "real-software-inc", "service_offered": [], "programme": []}}, {"pk": 84, "model": "cms.partner", "fields": {"partner_website": "", "name": "RightScale", "fallback_website": "", "notes": "", "long_description": "", "dedicated_partner_page": false, "industry_sector": [], "featured": false, "published": true, "short_description": "RightScale is the leader in cloud computing management and offers a fully automated cloud management platform that enables organizations to easily deploy and manage business critical applications across multiple clouds with complete control and portability. The RightScale Cloud Management Platform is delivered as \"software as a service\" (SAAS) and is available in a range of editions.", "logo": "http://assets.ubuntu.com/sites/ubuntu/1149/u/img/logos/partners/rightscale_logo.png", "region": [], "technology": [], "slug": "rightscale", "service_offered": [], "programme": []}}, {"pk": 85, "model": "cms.partner", "fields": {"partner_website": "http://www.riptano.com/", "name": "Riptano Cassandra", "fallback_website": "http://www.riptano.com/", "notes": "", "long_description": "", "dedicated_partner_page": false, "industry_sector": [], "featured": false, "published": true, "short_description": "Riptano Cassandra is the most scalable and high performance database for online transactions available. Offering geographic distribution of data across multiple data centers and linear, incremental scalability, Cassandra allows the addition of resources on an as needed basis. Riptano is the company providing software, training and professional services for Apache Cassandra.", "logo": "http://assets.ubuntu.com/sites/ubuntu/1149/u/img/logos/partners/riptano-logo_scaled.png", "region": [], "technology": [], "slug": "riptano-cassandra", "service_offered": [], "programme": []}}, {"pk": 86, "model": "cms.partner", "fields": {"partner_website": "http://www.ruffdogs.com/", "name": "Ruffdogs", "fallback_website": "http://www.ruffdogs.com/", "notes": "", "long_description": "", "dedicated_partner_page": false, "industry_sector": [], "featured": false, "published": true, "short_description": "One of North America's Leading Linux Solutions Company. Through our channel partner program, we design, deliver, implement and support a wide range of Linux based solutions across North America.", "logo": "http://assets.ubuntu.com/sites/ubuntu/1149/u/img/logos/partners/ruffdogs_logo.png", "region": [], "technology": [], "slug": "ruffdogs", "service_offered": [], "programme": []}}, {"pk": 87, "model": "cms.partner", "fields": {"partner_website": "http://www.scalr.net/", "name": "Scalr, Inc", "fallback_website": "http://www.scalr.net/", "notes": "", "long_description": "", "dedicated_partner_page": false, "industry_sector": [], "featured": false, "published": true, "short_description": "With Scalr, your website and web application can grow to millions of users with little work. Scalr will provision new servers on-the-fly to handle spikes in demand, and decommission them when no longer needed to lower cost. It will scale your database, application servers, and load balancers so you never have to. The end result? ...", "logo": "http://assets.ubuntu.com/sites/ubuntu/1149/u/img/logos/partners/scalr_.png", "region": [], "technology": [], "slug": "scalr-inc", "service_offered": [], "programme": []}}, {"pk": 88, "model": "cms.partner", "fields": {"partner_website": "http://www.smartapp.pl/", "name": "SmartApp", "fallback_website": "http://www.smartapp.pl/", "notes": "", "long_description": "", "dedicated_partner_page": false, "industry_sector": [], "featured": false, "published": true, "short_description": "SmartApp Sp. z o.o is a company specializing in the delivery of applications for the public sector in Poland, Slovakia and Serbia. The main areas of interest are: supporting judicial processes, documents management and digital signage with the special focus on the public (government) agencies.", "logo": "http://assets.ubuntu.com/sites/ubuntu/1149/u/img/logos/partners/smartapp-logo.png", "region": [], "technology": [], "slug": "smartapp", "service_offered": [], "programme": []}}, {"pk": 89, "model": "cms.partner", "fields": {"partner_website": "http://www.smartscalesystems.com/", "name": "Smartscale", "fallback_website": "http://www.smartscalesystems.com/", "notes": "", "long_description": "", "dedicated_partner_page": false, "industry_sector": [], "featured": false, "published": true, "short_description": "Smartscale transforms the cloud by integrating automation, mobility and collaboration into a highly scalable cloud management platform. Your team is mobile and your cloud manager should help them engage anytime, anywhere \u2013 only Smartscale\u2019s collaborative One Click Data Center runs on popular pads and smartphones helping you save time and money when you move to the ...", "logo": "http://assets.ubuntu.com/sites/ubuntu/1149/u/img/logos/partners/Smartscale_Logo_Scaled.png", "region": [], "technology": [], "slug": "smartscale", "service_offered": [], "programme": []}}, {"pk": 90, "model": "cms.partner", "fields": {"partner_website": "http://www.sparkintegration.com/", "name": "Spark Integration Technologies Inc", "fallback_website": "http://www.sparkintegration.com/", "notes": "", "long_description": "", "dedicated_partner_page": false, "industry_sector": [], "featured": false, "published": true, "short_description": "Spark Integration Technologies Inc a maker of Distrix, is the world leader in distributed information exchange software. Distrix is a multi-platform, rapid development environment for cross-platform, network-centric systems. Used in mission critical, real time systems and large scale sensor networks, the Distrix model-driven development approach accelerates network-centric systems development.", "logo": "http://assets.ubuntu.com/sites/ubuntu/1149/u/img/logos/partners/Spark_Logo_canonical_scaled__.png", "region": [], "technology": [], "slug": "spark-integration-technologies-inc", "service_offered": [], "programme": []}}, {"pk": 91, "model": "cms.partner", "fields": {"partner_website": "http://www.tersus.com/", "name": "Tersus", "fallback_website": "http://www.tersus.com/", "notes": "", "long_description": "", "dedicated_partner_page": false, "industry_sector": [], "featured": false, "published": true, "short_description": "The Tersus Visual Programming Platform enables easy creation of enterprise web applications by drawing visual flow diagrams instead of writing code.", "logo": "http://assets.ubuntu.com/sites/ubuntu/1149/u/img/logos/partners/tersus.png", "region": [], "technology": [], "slug": "tersus", "service_offered": [], "programme": []}}, {"pk": 92, "model": "cms.partner", "fields": {"partner_website": "http://www.turnkeylinux.org/docs/tklpatch", "name": "Turnkey Linux", "fallback_website": "http://www.turnkeylinux.org/docs/tklpatch", "notes": "", "long_description": "", "dedicated_partner_page": false, "industry_sector": [], "featured": false, "published": true, "short_description": "Turnkey Linux not only offers the most comprehensive selection of appliance images for a growing list of cloud providers, it also provides an easy to use platform for building new appliances using any existing appliance as a starting point.", "logo": "http://assets.ubuntu.com/sites/ubuntu/1149/u/img/logos/partners/turnkey_.png", "region": [], "technology": [], "slug": "turnkey-linux", "service_offered": [], "programme": []}}, {"pk": 93, "model": "cms.partner", "fields": {"partner_website": "http://ualinux.com/", "name": "UA Linux Private Enterprise", "fallback_website": "http://ualinux.com/", "notes": "", "long_description": "", "dedicated_partner_page": false, "industry_sector": [], "featured": false, "published": true, "short_description": "`UALinux` develops and maintains software and open source Ubuntu Applications Pack (UAPack). A suite of add-ons to Ubuntu Linux, to install a wide choice of software without connecting to the Internet. UAPack consists of the following:\r\nDesktopPack - for everyday use\r\nServerPack - for server installations\r\nGamePack - games for ...", "logo": "http://assets.ubuntu.com/sites/ubuntu/1149/u/img/logos/partners/UALinux_spp_logo.png", "region": [], "technology": [], "slug": "ua-linux-private-enterprise", "service_offered": [], "programme": []}}, {"pk": 94, "model": "cms.partner", "fields": {"partner_website": "http://www.unison.com/", "name": "Unison", "fallback_website": "http://www.unison.com/", "notes": "", "long_description": "", "dedicated_partner_page": false, "industry_sector": [], "featured": false, "published": true, "short_description": "Unison is the leading unified communications software. It integrates telephony, e-mail, instant messaging and collaboration in a single Linux server and a desktop client. More powerful than old-fashioned separate systems, such as a PBX or e-mail server, Unison increases a company's productivity by 15% while vastly decreasing IT costs.", "logo": "http://assets.ubuntu.com/sites/ubuntu/1149/u/img/logos/partners/Unison.png", "region": [], "technology": [], "slug": "unison", "service_offered": [], "programme": []}}, {"pk": 95, "model": "cms.partner", "fields": {"partner_website": "http://www.unitrends.com/", "name": "Unitrends", "fallback_website": "http://www.unitrends.com/", "notes": "", "long_description": "", "dedicated_partner_page": false, "industry_sector": [], "featured": false, "published": true, "short_description": "Unitrends provides enterprise-level data protection, at the lowest total cost of ownership, through a family of scalable disk-based data protection appliances that integrate and protect existing heterogeneous computer and storage systems through a single, graphical user interface. Unitrends uses a backup and recovery engine that protects more than 100 different versions of operating systems and applications.", "logo": "http://assets.ubuntu.com/sites/ubuntu/1149/u/img/logos/partners/Unitrends.png", "region": [], "technology": [], "slug": "unitrends", "service_offered": [], "programme": []}}, {"pk": 96, "model": "cms.partner", "fields": {"partner_website": "http://www.unovyx.com/", "name": "Unovyx", "fallback_website": "http://www.unovyx.com/", "notes": "", "long_description": "", "dedicated_partner_page": false, "industry_sector": [], "featured": false, "published": true, "short_description": "Unovyx, LLC is a proud provider of products, services and solutions to the growing data storage and networking industry. Globally, data storage and networking form the foundations of computing. There is an increasing need for excellent quality and high performing products matched with services and support of the same caliber.", "logo": "http://assets.ubuntu.com/sites/ubuntu/1149/u/img/logos/partners/unovyx_large_logo_scaled.png", "region": [], "technology": [], "slug": "unovyx", "service_offered": [], "programme": []}}, {"pk": 97, "model": "cms.partner", "fields": {"partner_website": "", "name": "Unoware", "fallback_website": "", "notes": "", "long_description": "", "dedicated_partner_page": false, "industry_sector": [], "featured": false, "published": true, "short_description": "Unoware provides enterprise-level business and IT solutions, considering the lowest total cost of ownership. Using a pack of software-based solutions, we help your company achieve the best effort possible considering the QoS required within a competitive market. Our solutions implement the best standards for SOA, BPM and EAM, considering virtualization and high-availability run times, running entirely ...", "logo": "http://assets.ubuntu.com/sites/ubuntu/1149/u/img/logos/partners/Unoware_logo.scaled.png.jpg", "region": [], "technology": [], "slug": "unoware", "service_offered": [], "programme": []}}, {"pk": 98, "model": "cms.partner", "fields": {"partner_website": "http://userful.com/", "name": "Userful", "fallback_website": "http://userful.com/", "notes": "", "long_description": "", "dedicated_partner_page": false, "industry_sector": [], "featured": false, "published": true, "short_description": "Userful effectively turns one PC into Ten. Userful Multiplier; is a simple Ubuntu software add-on (included in Multiverse) that enables a single PC equipped with extra video cards to support up to 10 simultaneous users (each with their own monitor, USB keyboard and mouse).", "logo": "http://assets.ubuntu.com/sites/ubuntu/1149/u/img/logos/partners/Userful-new.jpg", "region": [], "technology": [], "slug": "userful", "service_offered": [], "programme": []}}, {"pk": 99, "model": "cms.partner", "fields": {"partner_website": "http://www.usharesoft.com/", "name": "UShareSoft", "fallback_website": "http://www.usharesoft.com/", "notes": "", "long_description": "", "dedicated_partner_page": false, "industry_sector": [], "featured": false, "published": true, "short_description": "UShareSoft simplifies software governance and application migration for the cloud. UShareSoft's UForge Appliance Factory enables \"\u00e0 la carte\" software delivery by automating the creation and maintenance of image templates on any OS for any cloud, virtual or physical format. UForge Elastic Appliances are self-deployable images that automatically configure mult-tier software solutions in minutes.", "logo": "http://assets.ubuntu.com/sites/ubuntu/1149/u/img/logos/partners/usharesoft_Scaled_.png", "region": [], "technology": [], "slug": "usharesoft", "service_offered": [], "programme": []}}, {"pk": 100, "model": "cms.partner", "fields": {"partner_website": "", "name": "VIPcom", "fallback_website": "", "notes": "", "long_description": "", "dedicated_partner_page": false, "industry_sector": [], "featured": false, "published": true, "short_description": "VIPcom GmbH teamXchange - the alternative to Exchange - offers Outlook clients a high performance range mapping MAPI architecture. Up to 1,000 users have access to the same objects, e.g., calendar entries, contact data, messages and journals. Applications can be linked via open interfaces (Java SDK, MAPI, or C++). Evolution connector and Webclient released in Q4 2007.", "logo": "http://assets.ubuntu.com/sites/ubuntu/1149/u/img/logos/partners/VIPcom.png", "region": [], "technology": [], "slug": "vipcom", "service_offered": [], "programme": []}}, {"pk": 101, "model": "cms.partner", "fields": {"partner_website": "http://www.vbridges.com/", "name": "Virtual Bridges", "fallback_website": "http://www.vbridges.com/", "notes": "", "long_description": "", "dedicated_partner_page": false, "industry_sector": [], "featured": false, "published": true, "short_description": "VERDE is the industry's most comprehensive desktop management and provisioning solution to deliver desktops in the cloud using desktop virtualization. The VERDE solution lets enterprises transform their desktop TCO by simplifying desktop management, improving security and compliance by centralizing the administration of desktop images and data, and increasing the organizational agility.", "logo": "http://assets.ubuntu.com/sites/ubuntu/1149/u/img/logos/partners/VirtualBridges.png", "region": [], "technology": [], "slug": "virtual-bridges", "service_offered": [], "programme": []}}, {"pk": 102, "model": "cms.partner", "fields": {"partner_website": "http://www.vladster.net/", "name": "Vladster Ltd", "fallback_website": "http://www.vladster.net/", "notes": "", "long_description": "", "dedicated_partner_page": false, "industry_sector": [], "featured": false, "published": true, "short_description": "Vladster delivers Point of Sale and inventory management solutions for small and medium sized businesses. Our main open source product IncoPOS gives you great control over your business. IncoPOS also includes very powerful non-free add-ons which make the interaction with other management systems and data visualization a breeze.", "logo": "http://assets.ubuntu.com/sites/ubuntu/1149/u/img/logos/partners/Vladster.png", "region": [], "technology": [], "slug": "vladster-ltd", "service_offered": [], "programme": []}}, {"pk": 103, "model": "cms.partner", "fields": {"partner_website": "http://www.vmware.com/", "name": "VMware", "fallback_website": "http://www.vmware.com/", "notes": "", "long_description": "", "dedicated_partner_page": false, "industry_sector": [], "featured": false, "published": true, "short_description": "VMware products provide enterprise-class virtual machines that increase server and other resource utilisation, improve performance, increase security and minimise system downtime, reducing the cost and complexity of delivering enterprise services.", "logo": "http://assets.ubuntu.com/sites/ubuntu/1149/u/img/logos/partners/VMWare.png", "region": [], "technology": [], "slug": "vmware", "service_offered": [], "programme": []}}, {"pk": 104, "model": "cms.partner", "fields": {"partner_website": "", "name": "W3 Internet Solutions", "fallback_website": "", "notes": "", "long_description": "", "dedicated_partner_page": false, "industry_sector": [], "featured": false, "published": true, "short_description": "W3 Internet Solutions is a global web agency who offers its customers exclusive advantages, on the one hand by the wide range of available services and on the other hand by the special care given to the performance and to all its realizations optimization.", "logo": "http://assets.ubuntu.com/sites/ubuntu/1149/u/img/logos/partners/w3internetsolutions.png", "region": [], "technology": [], "slug": "w3-internet-solutions", "service_offered": [], "programme": []}}, {"pk": 105, "model": "cms.partner", "fields": {"partner_website": "http://www.wandisco.com/", "name": "WANdisco, Inc", "fallback_website": "http://www.wandisco.com/", "notes": "", "long_description": "", "dedicated_partner_page": false, "industry_sector": [], "featured": false, "published": true, "short_description": "WANdisco, Inc are the makers of Enterprise Subversion with active core developers from the Subversion open source project on staff. WANdisco's Subversion Enterprise products add performance, replication, scalability and high availability to open source. Subversion. Subversion is recognized by Forrester as the sole leader in the Standalone Software Configuration Management (SCM) category. WANdisco Subversion binaries running on ...", "logo": "http://assets.ubuntu.com/sites/ubuntu/1149/u/img/logos/partners/wandisco_scaled.png", "region": [], "technology": [], "slug": "wandisco-inc", "service_offered": [], "programme": []}}, {"pk": 106, "model": "cms.partner", "fields": {"partner_website": "http://www.wavemaker.com/", "name": "WaveMaker", "fallback_website": "http://www.wavemaker.com/", "notes": "", "long_description": "", "dedicated_partner_page": false, "industry_sector": [], "featured": false, "published": true, "short_description": "WaveMaker Software is the only open and easy-to-use web and cloud development platform. WaveMaker's visual, drag and drop tools flatten the Java learning curve by 92% and create standard Java applications with 98% less code. WaveMaker applications are cloud-ready and include built-in support for multi-tenancy and elastic scaling.", "logo": "http://assets.ubuntu.com/sites/ubuntu/1149/u/img/logos/partners/Wavemaker.png", "region": [], "technology": [], "slug": "wavemaker", "service_offered": [], "programme": []}}, {"pk": 107, "model": "cms.partner", "fields": {"partner_website": "http://forgerock.com/products/open-identity-stack/#sthash.9Q2ubZ8s.dpuf", "name": "Forgerock", "fallback_website": "http://forgerock.com/", "notes": "", "long_description": "", "dedicated_partner_page": false, "industry_sector": [], "featured": false, "published": true, "short_description": "Our Open Identity Stack delivers the next generation of identity and access management: we\u2019re the first identity relationship management platform for your enterprise, cloud, social and mobile systems. ", "logo": "https://drive.google.com/a/canonical.com/?usp=gmail#my-drive", "region": [], "technology": [1], "slug": "forgerock", "service_offered": [4], "programme": [8]}}, {"pk": 108, "model": "cms.partner", "fields": {"partner_website": "http://www.bqreaders.com/", "name": "bq", "fallback_website": "http://www.bqreaders.com/", "notes": "", "long_description": "", "dedicated_partner_page": false, "industry_sector": [], "featured": false, "published": true, "short_description": "bq is a Spanish mobile device manufacturer who designs, sells and distributes smartphones along with other products like e-readers, tablets and 3D printers. bq will be one of the first partners to ship Ubuntu on their latest hardware in 2014. \r\n", "logo": "http://www.bqreaders.com/sala-de-prensa.html", "region": [], "technology": [], "slug": "bq", "service_offered": [11], "programme": []}}, {"pk": 109, "model": "cms.partner", "fields": {"partner_website": "http://www.meizu.com/", "name": "Meizu", "fallback_website": "http://www.meizu.com/", "notes": "", "long_description": "", "dedicated_partner_page": false, "industry_sector": [], "featured": false, "published": false, "short_description": "Meizu is a Chinese mobile device manufacturer who ranks amongst  the top ten smartphone manufacturers in China. Meizu will be one of the first partners to ship Ubuntu on their mobile hardware. ", "logo": "http://www.meizu.com/", "region": [], "technology": [3], "slug": "meizu", "service_offered": [11], "programme": []}}, {"pk": 110, "model": "cms.partner", "fields": {"partner_website": "http://ee.co.uk/", "name": "EE", "fallback_website": "http://ee.co.uk/", "notes": "", "long_description": "", "dedicated_partner_page": false, "industry_sector": [], "featured": true, "published": true, "short_description": "    ", "logo": "http://assets.ubuntu.com/sites/ubuntu/1183/u/img/logos/logo-everything-everywhere.png", "region": [], "technology": [3], "slug": "ee", "service_offered": [10], "programme": [3]}}, {"pk": 1, "model": "cms.quote", "fields": {"partner": 1, "attribution": "Forrest Norrod, VP and GM, Dell Server Solutions.", "text": "Ubuntu is one of the leading enterprise-class Linux distributions and demand for the OS is growing among hyperscale customers"}}, {"pk": 2, "model": "cms.quote", "fields": {"partner": 1, "attribution": "David Duffey, Canonical\u2019s Director of Technical Partnerships", "text": "As part of this agreement Canonical will add Dell 11G & 12G PowerEdge models to the Ubuntu Server 12.04 LTS Certification List and Dell will add Ubuntu Server to its Linux OS Support Matrix"}}, {"pk": 3, "model": "cms.quote", "fields": {"partner": 1, "attribution": "Tui Leauanae, Dell\u2019s Linux Portfolio Manager", "text": "With Ubuntu Server, Dell and Canonical, makers of Ubuntu, are in a great position to service hyperscale deployments"}}, {"pk": 4, "model": "cms.quote", "fields": {"partner": 1, "attribution": "Jose De la Rosa, Dell Linux Engineer", "text": "If you are deploying Ubuntu Server on Dell PowerEdge or PowerEdge-C, you can be confident that Dell and Canonical will be able to effectively support your needs going forward"}}, {"pk": 5, "model": "cms.quote", "fields": {"partner": 13, "attribution": "Saar Gillai, VP and GM  Converged Cloud, HP", "text": "Enterprises are embracing open-source cloud solutions to increase workload portability and avoid vendor lock-in"}}, {"pk": 1, "model": "cms.link", "fields": {"url": "http://en.community.dell.com/techcenter/b/techcenter/archive/2013/03/11/ubuntu-server-now-supported-on-dell-poweredge-amp-poweredge-c.aspx", "partner": 1, "text": "Read the Dell TechCenter Blog"}}, {"pk": 2, "model": "cms.link", "fields": {"url": "http://en.community.dell.com/dell-blogs/enterprise/b/inside-enterprise-it/archive/2013/03/11/dell-and-canonical-support-ubuntu-enterprise-server-on-dell-poweredge-servers.aspx", "partner": 1, "text": "Read the Dell Inside Enterprise IT Blog"}}, {"pk": 3, "model": "cms.link", "fields": {"url": "http://www.ubuntu.com/sites/default/files/active/pdfs/Brochure-Server-Edition-1004LTS.pdf", "partner": 13, "text": "More about Ubuntu Server"}}, {"pk": 4, "model": "cms.link", "fields": {"url": "http://www.hp.com/go/ubuntu", "partner": 13, "text": "More about our relationship with HP"}}, {"pk": 1, "model": "cms.insightstag", "fields": {"partner": 1, "tag": "dell"}}, {"pk": 2, "model": "cms.insightstag", "fields": {"partner": 9, "tag": "asus"}}, {"pk": 3, "model": "cms.insightstag", "fields": {"partner": 13, "tag": "hp"}}, {"pk": 5, "model": "cms.insightstag", "fields": {"partner": 107, "tag": "Cloud, Charm Partner Programme, Juju"}}, {"pk": 1, "model": "cms.text", "fields": {"body": "The complete range of Dell\u2019s PowerEdge 12G servers are now certified with Ubuntu 12.04 LTS. These servers complement the Dell PowerEdge 11G and 10G Servers which have already been certified for Ubuntu, giving customers a wide choice of high performance devices for scale-out computing workloads.\r\n\r\nTogether, Dell and Canonical have extended their existing engineering agreement so customers with an Ubuntu Advantage support contract can have complete assurance - full software and hardware support from both companies.\r\n\r\nUbuntu Advantage is available from both Dell and Canonical. Customers can now deploy with confidence when purchasing Dell PowerEdge servers and Ubuntu Advantage.", "partner": 1, "read_more_link": "http://www.ubuntu.com/certification/server/make/Dell/?release=12.04+LTS", "image_url": "http://assets.ubuntu.com/sites/ubuntu/latest/u/img/partners/dell/image-dellservers.jpg", "header": "Canonical and Dell team together on PowerEdge 12G servers"}}, {"pk": 2, "model": "cms.text", "fields": {"body": "As the leading OS for ARM-based hyperscale computing, we\u2019re partnering with HP to disrupt the server marketplace.", "partner": 13, "read_more_link": "http://www.ubuntu.com/partners/hp/moonshot", "image_url": "http://assets.ubuntu.com/sites/ubuntu/1124/u/img/partners/arm/image-hpmoonshot.svg", "header": "Scale-out at speed with Ubuntu on HP Moonshot"}}, {"pk": 3, "model": "cms.text", "fields": {"body": "HP Public Cloud is built on Ubuntu. HP Cloud Services delivers public cloud infrastructure that\u2019s business grade, open source-based, and developer focused \u2014 all based on Ubuntu \r\nand OpenStack.\r\n\r\nHP Private Cloud solutions can be built using Ubuntu too.", "partner": 13, "read_more_link": "http://www.ubuntu.com/cloud/contact-us", "image_url": "http://assets.ubuntu.com/sites/ubuntu/latest/u/img/partners/hp-partners-laptop.jpg", "header": "HP Cloud with Ubuntu"}}, {"pk": 4, "model": "cms.text", "fields": {"body": "Customers who want the speed and simplicity of Ubuntu on their PC can select from a wide range of HP desktops and laptops certified and pre-loaded with \r\nthe OS.\r\n\r\nUbuntu provides developers with the largest selection of tools. Businesses get access to legacy applications without paying for unwanted licenses. Ubuntu gives all users a smooth experience and thousands of apps.", "partner": 13, "read_more_link": "http://www.ubuntu.com/certification/desktop/models/?query=hp&category=Desktop&category=Laptop&category=Netbook&release=&level=Any", "image_url": "http://assets.ubuntu.com/sites/ubuntu/latest/u/img/partners/hp-partners-laptop.jpg", "header": "Ubuntu for HP PCs"}}, {"pk": 5, "model": "cms.text", "fields": {"body": "Fast, stable, secure and easy-to-use Ubuntu pre-loaded on optimised HP hardware creates an environment that students, teachers and support staff will love using. System administrators will find management easy thanks to the OS support, and the system tools available. And the institution will benefit from HP-Ubuntu solutions\u2019 excellent performance and significantly lower budgetary requirements compared with their proprietary alternatives.", "partner": 13, "read_more_link": "http://insights.ubuntu.com/news/ubuntu-helps-millions-of-indian-students-to-learn/", "image_url": "http://assets.ubuntu.com/sites/ubuntu/1124/u/img/pictograms/image-picto-education-211.png", "header": "Ubuntu and HP in education"}}, {"pk": 6, "model": "cms.text", "fields": {"body": "With Ubuntu Server on HP ProLiant, you can deploy services faster and more flexibly than ever before.\r\n\r\nUbuntu is the ideal scale-out platform for web, big data and cloud. Crucially, Ubuntu Server includes Ubuntu Cloud, the Infrastructure as a Service (IAAS) platform built on OpenStack.\r\n\r\nUbuntu Server on HP ProLiant provides a cost-effective scale-out foundation for datacentres and cloud infrastructure. It includes native support for thousands of next-generation applications, from virtualisation and web serving to NoSQL and big data analytics.", "partner": 13, "read_more_link": "http://www.ubuntu.com/certification/server/models/?query=hp&release=&level=Any", "image_url": "http://assets.ubuntu.com/sites/ubuntu/latest/u/img/partners/hp-partners-server.jpg", "header": "Ubuntu Server for HP ProLiant"}}, {"pk": 7, "model": "cms.text", "fields": {"body": "Ubuntu Server and Ubuntu Desktop are certified and enabled across a wide range of HP ProLiant systems, so you can deploy with confidence.", "partner": 13, "read_more_link": "http://www.ubuntu.com/certification/make/HP/", "image_url": "http://assets.ubuntu.com/sites/ubuntu/1124/u/img/partners/hp/image-certifiedsystems.svg", "header": "Certified systems"}}]
