[{"pk": 1, "model": "cms.technology", "fields": {"name": "Cloud"}}, {"pk": 2, "model": "cms.technology", "fields": {"name": "Server"}}, {"pk": 3, "model": "cms.technology", "fields": {"name": "Desktop"}}, {"pk": 4, "model": "cms.technology", "fields": {"name": "Tablet"}}, {"pk": 5, "model": "cms.technology", "fields": {"name": "Phone"}}, {"pk": 1, "model": "cms.industrysector", "fields": {"name": "Financial services"}}, {"pk": 2, "model": "cms.industrysector", "fields": {"name": "Science and technology"}}, {"pk": 3, "model": "cms.industrysector", "fields": {"name": "Media"}}, {"pk": 4, "model": "cms.industrysector", "fields": {"name": "Professional services"}}, {"pk": 5, "model": "cms.industrysector", "fields": {"name": "Manufacturing"}}, {"pk": 6, "model": "cms.industrysector", "fields": {"name": "Transport"}}, {"pk": 7, "model": "cms.industrysector", "fields": {"name": "Education"}}, {"pk": 8, "model": "cms.industrysector", "fields": {"name": "Government"}}, {"pk": 10, "model": "cms.industrysector", "fields": {"name": "Non-profit"}}, {"pk": 11, "model": "cms.industrysector", "fields": {"name": "Other"}}, {"pk": 1, "model": "cms.programme", "fields": {"name": "Certified Public Cloud"}}, {"pk": 2, "model": "cms.programme", "fields": {"name": "Openstack Interoperability Lab"}}, {"pk": 3, "model": "cms.programme", "fields": {"name": "Carrier Advisory Group"}}, {"pk": 4, "model": "cms.programme", "fields": {"name": "Technical Partner Programme"}}, {"pk": 5, "model": "cms.programme", "fields": {"name": "Reseller"}}, {"pk": 6, "model": "cms.programme", "fields": {"name": "Retailer"}}, {"pk": 1, "model": "cms.serviceoffered", "fields": {"name": "Software publisher"}}, {"pk": 2, "model": "cms.serviceoffered", "fields": {"name": "Bespoke software developer"}}, {"pk": 3, "model": "cms.serviceoffered", "fields": {"name": "Cloud software provider"}}, {"pk": 4, "model": "cms.serviceoffered", "fields": {"name": "Cloud infrastructure/ platform provider"}}, {"pk": 5, "model": "cms.serviceoffered", "fields": {"name": "Cloud consultant"}}, {"pk": 6, "model": "cms.serviceoffered", "fields": {"name": "Systems integrator"}}, {"pk": 7, "model": "cms.serviceoffered", "fields": {"name": "Software reseller"}}, {"pk": 8, "model": "cms.serviceoffered", "fields": {"name": "Value added Reseller"}}, {"pk": 9, "model": "cms.serviceoffered", "fields": {"name": "Content provider"}}, {"pk": 10, "model": "cms.serviceoffered", "fields": {"name": "Mobile network operator"}}, {"pk": 11, "model": "cms.serviceoffered", "fields": {"name": "Hardware manufacturer"}}, {"pk": 12, "model": "cms.serviceoffered", "fields": {"name": "Component manufacturer"}}, {"pk": 13, "model": "cms.serviceoffered", "fields": {"name": "Silicon vendor"}}, {"pk": 14, "model": "cms.serviceoffered", "fields": {"name": "Hardware reseller"}}, {"pk": 1, "model": "cms.region", "fields": {"name": "Global"}}, {"pk": 2, "model": "cms.region", "fields": {"name": "Africa"}}, {"pk": 3, "model": "cms.region", "fields": {"name": "Asia"}}, {"pk": 4, "model": "cms.region", "fields": {"name": "Europe"}}, {"pk": 5, "model": "cms.region", "fields": {"name": "North America"}}, {"pk": 6, "model": "cms.region", "fields": {"name": "South America"}}, {"pk": 7, "model": "cms.region", "fields": {"name": "Rest of the world"}}, {"pk": 1, "model": "cms.partner", "fields": {"region": [], "updated_by": "TEST_USER", "logo": "http://www.cashbackholic.com/images//dell.jpg", "notes": "", "programme": [1, 5], "external_page": "", "featured": true, "created_by": "TEST_USER", "long_description": "Canonical and Dell have teamed up to offer an extensive range of desktop, notebook and server configurations, certified and suitable for home use, business use or software development. Dell and Canonical engineers collaborate every day to certify Dell hardware on Ubuntu, to a level that customers can rely on.Dell and Canonical also work together to bring cloud infrastructure solutions to market, based on OpenStack and the Dell & Ubuntu reference architecture.", "industry_sector": [], "created_on": "2014-06-16T14:40:01.288Z", "generate_page": true, "published": true, "short_description": "Canonical and Dell continue to work together to deliver the best machines running the best of Ubuntu. Ubuntu is now available on desktops, servers and on the cloud. Whether it's Ubuntu Enterprise Cloud on Dell servers or Ubuntu on home and business netbooks and PCs, Canonical works closely with Dell's engineering team to pre-install Ubuntu. ...", "updated_on": "2014-07-11T09:22:05.291Z", "external_fallback": "", "technology": [1], "slug": "dell", "service_offered": [], "name": "Dell"}}, {"pk": 5, "model": "cms.partner", "fields": {"region": [], "updated_by": "TEST_USER", "logo": "http://assets-server.ubuntu.qa/v1/01b2eed1-add.png", "notes": "", "programme": [2, 4, 5], "external_page": "", "featured": true, "created_by": "TEST_USER", "long_description": "", "industry_sector": [], "created_on": "2014-06-23T16:03:05.111Z", "generate_page": true, "published": true, "short_description": "AMD is a semiconductor design innovator driving the next era of digital experiences with its groundbreaking Accelerated Processing Units (APUs). AMD\u2019s server products focus on industry-leading cloud computing and virtualisation environments.", "updated_on": "2014-07-08T13:17:41.432Z", "external_fallback": "", "technology": [2], "slug": "amd", "service_offered": [], "name": "AMD"}}, {"pk": 6, "model": "cms.partner", "fields": {"region": [], "updated_by": "TEST_USER", "logo": "http://assets.ubuntu.com/sites/ubuntu/1122/u/img/logos/partners/logo_amd.png", "notes": "", "programme": [4, 5], "external_page": "http://www.seamicro.com/", "featured": true, "created_by": "TEST_USER", "long_description": "", "industry_sector": [], "created_on": "2014-06-23T16:35:58.163Z", "generate_page": false, "published": true, "short_description": "AMD-SeaMicro is transforming the data center with servers that draw 1/4 the power and take 1/2 the space of traditional servers. Our servers with Freedom(tm) fabric are the most energy-efficient server systems, and in 10RU, it provides 512 cores, 160 Gbps of networking I/O, and the capacity for more than 5 PB of storage.", "updated_on": "2014-07-08T13:17:35.419Z", "external_fallback": "http://www.seamicro.com/", "technology": [2], "slug": "amd-seamicro", "service_offered": [7], "name": "AMD-SeaMicro"}}, {"pk": 7, "model": "cms.partner", "fields": {"region": [1], "updated_by": "TEST_USER", "logo": "http://assets-server.ubuntu.qa/v1/06ab7505-logo-intel.svg", "notes": "", "programme": [4, 5], "external_page": "http://www.intel.com/", "featured": true, "created_by": "TEST_USER", "long_description": "", "industry_sector": [], "created_on": "2014-06-23T16:46:23.482Z", "generate_page": true, "published": true, "short_description": "Intel is a world leader in computing innovation. The company designs and builds the essential technologies that serve as the foundation for the world's computing devices.", "updated_on": "2014-07-08T13:17:24.968Z", "external_fallback": "http://www.intel.com/", "technology": [3], "slug": "intel", "service_offered": [1], "name": "Intel"}}, {"pk": 8, "model": "cms.partner", "fields": {"region": [1, 2, 3, 4, 5, 6, 7], "updated_by": "TEST_USER", "logo": "http://assets-server.ubuntu.qa/v1/d9d7c2a6-logo-arm.png", "notes": "", "programme": [1, 2, 3, 4, 6, 5], "external_page": "http://www.arm.com/", "featured": true, "created_by": "TEST_USER", "long_description": "", "industry_sector": [1, 2, 3, 4, 5, 6, 7, 8, 11, 10], "created_on": "2014-06-24T11:16:29.954Z", "generate_page": true, "published": true, "short_description": "The ARM computing architecture has rocketed in popularity since the company started licensing its design in 1990. It has become a standard for modern digital devices from phones to tablets, shipped in billions of devices. ARM\u2019s popularity is a result of high performance coupled with leading power efficiency and low costs.", "updated_on": "2014-07-08T13:08:24.252Z", "external_fallback": "http://www.arm.com/", "technology": [5], "slug": "arm", "service_offered": [1, 2, 3, 4, 5, 6, 7, 8, 9, 10, 11, 12, 13, 14], "name": "ARM"}}, {"pk": 9, "model": "cms.partner", "fields": {"region": [], "updated_by": "TEST_USER", "logo": "http://assets-server.ubuntu.qa/v1/2cbcaac9-logo-asus.png", "notes": "", "programme": [4, 5], "external_page": "http://www.asus.com/", "featured": true, "created_by": "TEST_USER", "long_description": "", "industry_sector": [], "created_on": "2014-06-24T11:24:44.980Z", "generate_page": true, "published": true, "short_description": "ASUS has been working with Canonical to bring to market a number of Eee PC netbooks. The Eee PC with Ubuntu is fast, virus-free and packed full of applications through the Ubuntu Software Centre. Given Ubuntu\u2019s six-monthly release cycle, ASUS users can quickly take advantage of future enhancements and always stay up-to-date.", "updated_on": "2014-07-11T09:22:34.575Z", "external_fallback": "http://www.asus.com/", "technology": [3], "slug": "asus", "service_offered": [10], "name": "ASUS"}}, {"pk": 10, "model": "cms.partner", "fields": {"region": [], "updated_by": "TEST_USER", "logo": "http://assets-server.ubuntu.qa/v1/6096a841-logo-cisco.png", "notes": "", "programme": [4, 6, 5], "external_page": "http://www.cisco.com/c/en/us/index.html", "featured": true, "created_by": "TEST_USER", "long_description": "", "industry_sector": [], "created_on": "2014-06-24T11:30:41.582Z", "generate_page": true, "published": true, "short_description": "Cisco\u2019s Unified Data Center architecture can simplify and accelerate the deployment of scalable cloud solutions. Canonical and Cisco work closely together to ensure the compatibility of Cisco\u2019s products and technologies with Ubuntu Server and Ubuntu OpenStack distributions.", "updated_on": "2014-07-08T13:17:12.062Z", "external_fallback": "http://www.cisco.com/c/en/us/index.html", "technology": [2], "slug": "cisco", "service_offered": [], "name": "Cisco"}}, {"pk": 11, "model": "cms.partner", "fields": {"region": [], "updated_by": "TEST_USER", "logo": "http://assets-server.ubuntu.qa/v1/d7c61f3d-logo-emc.png", "notes": "", "programme": [4, 5], "external_page": "http://www.emc.com/", "featured": true, "created_by": "TEST_USER", "long_description": "", "industry_sector": [], "created_on": "2014-06-24T15:32:50.933Z", "generate_page": true, "published": true, "short_description": "EMC is a global leader in enabling businesses and service providers to transform their operations and deliver information technology as a service (ITaaS). Fundamental to this transformation is cloud computing. Through innovative products and services, EMC accelerates the journey to cloud computing, helping IT departments to store, manage, protect and analyze their most valuable asset \u2014 information \u2014 in a more agile, trusted and cost-efficient way.", "updated_on": "2014-07-08T09:35:45.199Z", "external_fallback": "http://www.emc.com/", "technology": [], "slug": "emc", "service_offered": [], "name": "EMC"}}, {"pk": 12, "model": "cms.partner", "fields": {"region": [1], "updated_by": "TEST_USER", "logo": "http://assets-server.ubuntu.qa/v1/5a32531d-Emulex_Logo.png", "notes": "", "programme": [4, 6], "external_page": "http://www.emulex.com/", "featured": true, "created_by": "TEST_USER", "long_description": "", "industry_sector": [], "created_on": "2014-06-24T15:34:53.202Z", "generate_page": true, "published": true, "short_description": "Emulex, a leader in network connectivity, monitoring and management, provides hardware and software solutions for global networks that support enterprise, cloud, government and telecommunications. Emulex's I/O connectivity offerings, including its line of ultra high-performance Ethernet and Fibre Channel-based products, have been designed into server and storage solutions from leading OEMs.", "updated_on": "2014-07-08T13:17:02.183Z", "external_fallback": "http://www.emulex.com/", "technology": [], "slug": "emulex", "service_offered": [], "name": "Emulex"}}, {"pk": 13, "model": "cms.partner", "fields": {"region": [], "updated_by": "TEST_USER", "logo": "http://assets-server.ubuntu.qa/v1/4c62c96a-logo-hp.svg", "notes": "", "programme": [2, 4, 5], "external_page": "http://www.hp.com/", "featured": true, "created_by": "TEST_USER", "long_description": "Ubuntu is the scale-out platform for HP\u2019s ProLiant and Moonshot Systems, and the foundation for HP Cloud Services. Ubuntu is also certified and pre-loaded on the latest HP Laptop and Desktop PCs.Together, Canonical and HP deliver joint engineering, certification and support to give customers the best experience possible.", "industry_sector": [1, 2, 3, 4, 5, 6, 7, 8, 11, 10], "created_on": "2014-06-24T15:36:49.982Z", "generate_page": true, "published": true, "short_description": "Ubuntu Server is now certified on industry-standard HP ProLiant servers. Following a series of rigorous tests in the Canonical labs, this certification gives users the reassurance they need that their mid-range HP servers are fully compatible with Ubuntu Server.", "updated_on": "2014-07-11T10:03:18.769Z", "external_fallback": "http://www.hp.com/", "technology": [5], "slug": "hp", "service_offered": [10], "name": "HP"}}, {"pk": 14, "model": "cms.partner", "fields": {"region": [], "updated_by": "TEST_USER", "logo": "http://assets-server.ubuntu.qa/v1/ea32380b-logo-lenovo.png", "notes": "", "programme": [1, 4, 5], "external_page": "http://www.lenovo.com/", "featured": true, "created_by": "TEST_USER", "long_description": "", "industry_sector": [], "created_on": "2014-06-24T15:38:22.272Z", "generate_page": true, "published": true, "short_description": "Canonical has been shipping Ubuntu on Lenovo's Think Center and Idea Center machines for over one year. There are now over 30 Lenovo ThinkPads certified with Ubuntu, including the popular Edge series. The Idea Center range has also been included in the Chinese national 'Farmer PC' project. ThinkPads, pre-installed with Ubuntu 10.10, are available with ...", "updated_on": "2014-07-08T13:16:31.401Z", "external_fallback": "http://www.lenovo.com/", "technology": [], "slug": "lenovo", "service_offered": [], "name": "Lenovo"}}, {"pk": 15, "model": "cms.partner", "fields": {"region": [], "updated_by": "TEST_USER", "logo": "http://assets-server.ubuntu.qa/v1/cde73793-LSI_Logo.png", "notes": "", "programme": [4, 5], "external_page": "http://www.lsi.com/Pages/default.aspx", "featured": true, "created_by": "TEST_USER", "long_description": "", "industry_sector": [], "created_on": "2014-06-24T15:39:34.316Z", "generate_page": true, "published": true, "short_description": "LSI designs semiconductors and software that accelerate storage and networking in datacentres, mobile networks and client computing. Their technology is the intelligence critical to enhanced application performance, and is applied in solutions created in collaboration with their partners.", "updated_on": "2014-07-08T09:35:58.984Z", "external_fallback": "http://www.lsi.com/Pages/default.aspx", "technology": [], "slug": "lsi", "service_offered": [], "name": "LSI"}}, {"pk": 16, "model": "cms.partner", "fields": {"region": [], "updated_by": "TEST_USER", "logo": "http://assets-server.ubuntu.qa/v1/01b2eed1-add.png", "notes": "", "programme": [2, 4, 5], "external_page": "http://www.nvidia.com/", "featured": true, "created_by": "TEST_USER", "long_description": "", "industry_sector": [], "created_on": "2014-06-24T15:49:49.796Z", "generate_page": false, "published": true, "short_description": "NVIDIA has pioneered the art and science of visual computing. The company's technologies are transforming a world of displays into a world of interactive discovery \u2014 for everyone from gamers to scientists, and consumers to enterprise customers.", "updated_on": "2014-07-11T09:24:11.163Z", "external_fallback": "http://www.nvidia.com/", "technology": [], "slug": "nvidia", "service_offered": [], "name": "NVIDIA"}}, {"pk": 17, "model": "cms.partner", "fields": {"region": [], "updated_by": "TEST_USER", "logo": "http://assets.ubuntu.com/sites/ubuntu/1121/u/img/logos/partners/10genLogo_1.png", "notes": "", "programme": [2], "external_page": "http://www.10gen.com/", "featured": false, "created_by": "TEST_USER", "long_description": "", "industry_sector": [], "created_on": "2014-06-25T10:26:26.114Z", "generate_page": false, "published": true, "short_description": "10gen develops and supports MongoDB \u2013 the open source, high performance, scalable, document-oriented database. 10gen delivers technical support, professional services, and training for commercial-grade deployments of MongoDB", "updated_on": "2014-07-08T11:06:09.860Z", "external_fallback": "http://www.10gen.com/", "technology": [], "slug": "10gen", "service_offered": [], "name": "10gen"}}, {"pk": 18, "model": "cms.partner", "fields": {"region": [], "updated_by": "TEST_USER", "logo": "http://assets.ubuntu.com/sites/ubuntu/1121/u/img/logos/partners/2X_logo_small_scaled_.jpg", "notes": "", "programme": [2], "external_page": "http://www.2x.com/", "featured": false, "created_by": "TEST_USER", "long_description": "", "industry_sector": [], "created_on": "2014-06-25T15:11:06.057Z", "generate_page": false, "published": true, "short_description": "2x Software offers tailor-made, easy-to-implement and cost-effective server based and virtual computing solutions, including the award-winning 2X VirtualDesktopServer and 2X ApplicationServer, as well as the 2X ThinClientServer and 2X LoadBalancer. With their trademark affordability and simplicity, as well as the unique 2X per-server licensing model, 2X products unlock the full potential of virtualization platforms by improving desktop ...", "updated_on": "2014-07-08T11:05:23.109Z", "external_fallback": "http://www.2x.com/", "technology": [], "slug": "2x-software", "service_offered": [], "name": "2x Software"}}, {"pk": 19, "model": "cms.partner", "fields": {"region": [], "updated_by": "TEST_USER", "logo": "http://assets.ubuntu.com/sites/ubuntu/1121/u/img/logos/partners/accountz.png", "notes": "", "programme": [2], "external_page": "http://www.accountz.com/", "featured": false, "created_by": "TEST_USER", "long_description": "", "industry_sector": [], "created_on": "2014-06-25T15:14:03.008Z", "generate_page": false, "published": true, "short_description": "Accountz.com manufacture award winning personal and business accounting software. The range is multi platform and runs on Mac, Linux and Windows. Business Accountz comes in Basic, Professional and Enterprise versions. Powerful, yet simple, a VAT return can be produced in one-click and the chart of accounts presents business performance in real-time.", "updated_on": "2014-07-08T11:06:09.856Z", "external_fallback": "http://www.accountz.com/", "technology": [], "slug": "accountz", "service_offered": [], "name": "Accountz"}}, {"pk": 20, "model": "cms.partner", "fields": {"region": [], "updated_by": "TEST_USER", "logo": "http://assets.ubuntu.com/sites/ubuntu/1121/u/img/logos/partners/aceletLogo92x25.png", "notes": "", "programme": [2], "external_page": "http://www.acelet.com/", "featured": false, "created_by": "TEST_USER", "long_description": "", "industry_sector": [], "created_on": "2014-06-25T15:14:43.867Z", "generate_page": false, "published": true, "short_description": "Acelet Corporation Acelet Corporation provides cross-platform applications, such as Acelet Filer and Acelet Scheduler. Acelet Filer is a file manager with similar user interface as Windows XP, so you do not have to change your finger habits. Acelet Scheduler is a task scheduler with both daemon and GUI.", "updated_on": "2014-07-08T11:06:09.852Z", "external_fallback": "http://www.acelet.com/", "technology": [], "slug": "acelet", "service_offered": [], "name": "Acelet"}}, {"pk": 21, "model": "cms.partner", "fields": {"region": [1], "updated_by": "TEST_USER", "logo": "http://assets.ubuntu.com/sites/ubuntu/1121/u/img/logos/partners/AWS.png", "notes": "", "programme": [2], "external_page": "http://aws.amazon.com/", "featured": false, "created_by": "TEST_USER", "long_description": "", "industry_sector": [1, 2, 3, 4, 5, 6, 7, 8, 11, 10], "created_on": "2014-06-25T15:15:33.204Z", "generate_page": false, "published": true, "short_description": "Amazon Web Services LLC With AWS you can requisition computer power, storage, and other services\u2013gaining access to a suite of elastic IT infrastructure services as your business demands them. You pay only for what you use, with no up-front expenses or long-term commitments, making AWS the most cost-effective way to deliver your application to your customers and clients.", "updated_on": "2014-07-08T13:01:45.934Z", "external_fallback": "http://aws.amazon.com/", "technology": [3], "slug": "amazon-web-services-llc", "service_offered": [], "name": "Amazon Web Services LLC"}}, {"pk": 22, "model": "cms.partner", "fields": {"region": [], "updated_by": "TEST_USER", "logo": "http://assets.ubuntu.com/sites/ubuntu/1121/u/img/logos/partners/AppFirst_LogoScaled.jpg", "notes": "", "programme": [2], "external_page": "http://www.appfirst.com/", "featured": false, "created_by": "TEST_USER", "long_description": "", "industry_sector": [], "created_on": "2014-06-25T15:16:09.557Z", "generate_page": false, "published": true, "short_description": "AppFirst is a SaaS-based application monitoring tool that provides complete visibility of an application, helping companies proactively identify and address potential performance issues, plan for future growth, and gain understanding of their application's execution.", "updated_on": "2014-07-08T13:05:02.463Z", "external_fallback": "http://www.appfirst.com/", "technology": [], "slug": "appfirst", "service_offered": [], "name": "AppFirst"}}, {"pk": 23, "model": "cms.partner", "fields": {"region": [], "updated_by": "TEST_USER", "logo": "http://assets.ubuntu.com/sites/ubuntu/1121/u/img/logos/partners/ArkeiaSoftware.png", "notes": "", "programme": [2], "external_page": "http://www.arkeia.com/en/partners/technology-partners/ubuntu", "featured": false, "created_by": "TEST_USER", "long_description": "", "industry_sector": [], "created_on": "2014-06-25T15:16:53.993Z", "generate_page": false, "published": true, "short_description": "Arkeia Software Arkeia Network Backup, Enterprise Edition for Ubuntu. Arkeia Software provides a fully-licensed, free version of Arkeia Network Backup that is available in the Ubuntu 10.04 LTS software repository. Arkeia Software provides the market's broadest and deepest support for Linux and open source applications, with more than 100 Linux platforms supported.", "updated_on": "2014-07-08T13:05:02.459Z", "external_fallback": "http://www.arkeia.com/en/partners/technology-partners/ubuntu", "technology": [], "slug": "arkeia-software", "service_offered": [], "name": "Arkeia Software"}}, {"pk": 24, "model": "cms.partner", "fields": {"region": [], "updated_by": "TEST_USER", "logo": "http://assets.ubuntu.com/sites/ubuntu/1121/u/img/logos/partners/Bacula.png", "notes": "", "programme": [2], "external_page": "http://www.baculasystems.com/", "featured": false, "created_by": "TEST_USER", "long_description": "", "industry_sector": [], "created_on": "2014-06-25T15:17:37.595Z", "generate_page": false, "published": true, "short_description": "Bacula Systems provides the highest quality support, training and professional services for the Bacula open-source backup and recovery software platform. Bacula is the leading enterprise backup solution that is 100% open-source, free of license costs and adheres strictly to open standards, eliminating the vendor lock-in of proprietary software for thousands of enterprises.", "updated_on": "2014-07-08T13:05:02.455Z", "external_fallback": "http://www.baculasystems.com/", "technology": [], "slug": "bacula-systems", "service_offered": [], "name": "Bacula Systems"}}, {"pk": 25, "model": "cms.partner", "fields": {"region": [], "updated_by": "TEST_USER", "logo": "http://assets.ubuntu.com/sites/ubuntu/1121/u/img/logos/partners/BEEMLOGO2.png", "notes": "", "programme": [2], "external_page": "http://www.beemasterict.com/", "featured": false, "created_by": "TEST_USER", "long_description": "", "industry_sector": [], "created_on": "2014-06-25T15:19:40.129Z", "generate_page": false, "published": true, "short_description": "Beemaster ICT delivers solutions for the Virtual Desktop and Application Delivery market. Our BeeBox allows you to publish any application from anywhere, under any operating system to any access device. With BeeBox, you have all benefits of thin client computing, without the need of a Thin client Infrastructure.", "updated_on": "2014-07-08T13:05:02.452Z", "external_fallback": "http://www.beemasterict.com/", "technology": [], "slug": "beemaster-ict", "service_offered": [], "name": "Beemaster ICT"}}, {"pk": 26, "model": "cms.partner", "fields": {"region": [], "updated_by": "TEST_USER", "logo": "http://assets.ubuntu.com/sites/ubuntu/1121/u/img/logos/partners/Bitdefender.png", "notes": "", "programme": [2], "external_page": "http://www.bitdefender.com/", "featured": false, "created_by": "TEST_USER", "long_description": "", "industry_sector": [], "created_on": "2014-06-25T15:20:17.321Z", "generate_page": false, "published": true, "short_description": "BitDefender is a leading global provider of security solutions that satisfy the protection requirements of today's computing environment. The company offers one of the industry's fastest and most effective lines of security software, setting new standards for threat prevention, timely detection and mitigation.", "updated_on": "2014-07-08T13:05:02.448Z", "external_fallback": "http://www.bitdefender.com/", "technology": [], "slug": "bitdefender", "service_offered": [], "name": "BitDefender"}}, {"pk": 27, "model": "cms.partner", "fields": {"region": [], "updated_by": "TEST_USER", "logo": "http://assets.ubuntu.com/sites/ubuntu/1121/u/img/logos/partners/bluecherry.png", "notes": "", "programme": [2], "external_page": "http://www.bluecherrydvr.com/", "featured": false, "created_by": "TEST_USER", "long_description": "", "industry_sector": [], "created_on": "2014-06-25T15:21:12.039Z", "generate_page": false, "published": false, "short_description": "Bluecherry is a commercially maintained Linux based surveillance application which supports our hardware compression video / audio capture cards. Our interface is powerful, feature rich, and user friendly and our software is based around Ubuntu so updates are as easily downloaded from our servers, freeing you from headaches and upgrade nightmares.", "updated_on": "2014-07-08T13:05:02.443Z", "external_fallback": "http://www.bluecherrydvr.com/", "technology": [], "slug": "bluecherry", "service_offered": [], "name": "Bluecherry"}}, {"pk": 28, "model": "cms.partner", "fields": {"region": [], "updated_by": "TEST_USER", "logo": "http://assets.ubuntu.com/sites/ubuntu/1121/u/img/logos/partners/bonitasoft.png", "notes": "", "programme": [2], "external_page": "http://www.bonitasoft.com/", "featured": false, "created_by": "TEST_USER", "long_description": "", "industry_sector": [], "created_on": "2014-06-25T15:21:57.014Z", "generate_page": false, "published": false, "short_description": "BonitaSoft is the leading open source Business Process Management (BPM) company providing Bonita Open Solution, an intuitive and powerful BPM suite: just draw your processes using a BPMN palette, then connect to your existing systems (Oracle, MySQL, LDAP, Google, Twitter, Facebook...) and run your Java BPM application in one click.", "updated_on": "2014-07-08T13:05:02.403Z", "external_fallback": "http://www.bonitasoft.com/", "technology": [], "slug": "bonitasoft", "service_offered": [], "name": "BonitaSoft"}}, {"pk": 29, "model": "cms.partner", "fields": {"region": [], "updated_by": "TEST_USER", "logo": "http://assets.ubuntu.com/sites/ubuntu/1121/u/img/logos/partners/BoxedIce.png", "notes": "", "programme": [], "external_page": "http://www.serverdensity.com/landing/?a=site&s=ubuntu-partner", "featured": false, "created_by": "TEST_USER", "long_description": "", "industry_sector": [], "created_on": "2014-07-01T13:48:38.365Z", "generate_page": false, "published": true, "short_description": "Boxed Ice Server Density is a server monitoring tool provided as a service that makes it easy to start monitoring your server performance and applications such as Apache and MySQL. Get e-mail, SMS and iPhone alerts when things go wrong, troubleshoot historical problems and plan future capacity.", "updated_on": "2014-07-08T13:05:02.397Z", "external_fallback": "http://www.serverdensity.com/landing/?a=site&s=ubuntu-partner", "technology": [], "slug": "boxed-ice", "service_offered": [3], "name": "Boxed Ice"}}, {"pk": 30, "model": "cms.partner", "fields": {"region": [], "updated_by": "TEST_USER", "logo": "http://assets.ubuntu.com/sites/ubuntu/1121/u/img/logos/partners/bricsys_logo.png", "notes": "", "programme": [], "external_page": "http://www.bricsys.com/", "featured": false, "created_by": "TEST_USER", "long_description": "", "industry_sector": [], "created_on": "2014-07-01T13:49:25.548Z", "generate_page": false, "published": false, "short_description": "Bricsys Bricscad is the number one DWG CAD alternative and offers a complete and recognizable feature set to professional users. Bricscad reads and writes the DWG format and offers high compatibility with AutoCAD\u00ae. Bricscad has a very recognizable intuitive user interface, requires no extra training and is today available in 13 languages.", "updated_on": "2014-07-08T13:05:02.383Z", "external_fallback": "http://www.bricsys.com/", "technology": [], "slug": "bricsys", "service_offered": [3], "name": "Bricsys"}}, {"pk": 31, "model": "cms.partner", "fields": {"region": [], "updated_by": "TEST_USER", "logo": "http://assets.ubuntu.com/sites/ubuntu/1121/u/img/logos/partners/opennebula-c12g-partner-72.jpg", "notes": "", "programme": [], "external_page": "http://www.ubuntu.com/partners/find-a-partner/isv/", "featured": false, "created_by": "TEST_USER", "long_description": "", "industry_sector": [], "created_on": "2014-07-01T13:53:13.255Z", "generate_page": false, "published": true, "short_description": "C12G Labs is the company behind the OpenNebula open-source toolkit for cloud computing. C12G provides enterprise-grade solutions around OpenNebulaPro, which is a stable, certified, and supported distribution of OpenNebula. C12G offers a comprehensive set of services, through which customers and partners can get production level support or build a custom cloud", "updated_on": "2014-07-08T13:05:02.379Z", "external_fallback": "http://www.ubuntu.com/partners/find-a-partner/isv/", "technology": [], "slug": "c12g-labs", "service_offered": [3], "name": "C12G Labs"}}, {"pk": 32, "model": "cms.partner", "fields": {"region": [], "updated_by": "TEST_USER", "logo": "http://assets.ubuntu.com/sites/ubuntu/1121/u/img/logos/partners/Centrify.png", "notes": "", "programme": [], "external_page": "http://www.centrify.com/", "featured": false, "created_by": "TEST_USER", "long_description": "", "industry_sector": [], "created_on": "2014-07-01T14:02:06.089Z", "generate_page": false, "published": true, "short_description": "Centrify DirectControl delivers access control and centralized identity management by seamlessly integrating Linux, UNIX, Mac and web platforms with Microsoft Active Directory. DirectControl turns a non-Microsoft system into an Active Directory client, letting you secure that system using the same authentication and Group Policy services deployed for your Windows systems.", "updated_on": "2014-07-08T13:05:02.371Z", "external_fallback": "http://www.centrify.com/", "technology": [], "slug": "centrify", "service_offered": [1], "name": "Centrify"}}, {"pk": 33, "model": "cms.partner", "fields": {"region": [], "updated_by": "TEST_USER", "logo": "http://assets.ubuntu.com/sites/ubuntu/1121/u/img/logos/partners/CFENGINE.png", "notes": "", "programme": [], "external_page": "http://www.cfengine.com/", "featured": false, "created_by": "TEST_USER", "long_description": "", "industry_sector": [], "created_on": "2014-07-01T14:06:03.078Z", "generate_page": false, "published": false, "short_description": "Cfengine is a versatile and lightweight datacenter management solution based on a well-established\r\ntheory that allows organizations to automate their IT-operations with less risk. Cfengine is one of the most popular solutions in the industry (> 5,000 companies), delivering more reliable IT-services with increased ability to respond to business initiatives.", "updated_on": "2014-07-08T13:05:02.365Z", "external_fallback": "http://www.cfengine.com/", "technology": [], "slug": "cfenginePiddas", "service_offered": [3], "name": "Cfengine"}}, {"pk": 34, "model": "cms.partner", "fields": {"region": [], "updated_by": "TEST_USER", "logo": "http://assets.ubuntu.com/sites/ubuntu/1121/u/img/logos/partners/CirrusComputing-SCALED.png", "notes": "", "programme": [], "external_page": "http://cirruscomputing.com/", "featured": false, "created_by": "TEST_USER", "long_description": "", "industry_sector": [], "created_on": "2014-07-01T14:10:21.316Z", "generate_page": false, "published": true, "short_description": "Cirrus Computing provides a complete \u201corganization in the cloud\u201d packaged from the world's leading open source, including networks, desktops, and applications. Access is on virtual Ubuntu desktops from any computer anywhere over the Internet, providing the best user interface available in the cloud. Scaling the organization up or down can be done with a mouse-click.", "updated_on": "2014-07-08T13:05:02.359Z", "external_fallback": "http://cirruscomputing.com/", "technology": [], "slug": "cirrus-computing", "service_offered": [3], "name": "Cirrus Computing"}}, {"pk": 35, "model": "cms.partner", "fields": {"region": [], "updated_by": "TEST_USER", "logo": "http://assets.ubuntu.com/sites/ubuntu/1121/u/img/logos/partners/Cloudera.png", "notes": "", "programme": [], "external_page": "http://www.cloudera.com/", "featured": false, "created_by": "TEST_USER", "long_description": "", "industry_sector": [], "created_on": "2014-07-01T14:11:09.232Z", "generate_page": false, "published": true, "short_description": "Cloudera provides software, support, services and training for the open-source Apache Hadoop software package. Originally developed by dominant web companies like Yahoo! and Facebook, Hadoop is now used widely in finance, telecom, media and government verticals. Cloudera builds upon Hadoop to create a unique data management platform to collect, store and process complex data then ...", "updated_on": "2014-07-08T13:05:02.355Z", "external_fallback": "http://www.cloudera.com/", "technology": [], "slug": "cloudera", "service_offered": [3], "name": "Cloudera"}}, {"pk": 36, "model": "cms.partner", "fields": {"region": [], "updated_by": "TEST_USER", "logo": "http://assets.ubuntu.com/sites/ubuntu/1121/u/img/logos/partners/cloudkick.png", "notes": "", "programme": [], "external_page": "http://cloudkick.com/", "featured": false, "created_by": "TEST_USER", "long_description": "", "industry_sector": [], "created_on": "2014-07-01T14:12:42.679Z", "generate_page": false, "published": true, "short_description": "Cloudkick is a management tool and portability layer for cloud based infrastructure. Cloudkick provides a common set of tools, such as performance trending and fault-detection, that work across numerous cloud providers (e.g. Amazon EC2). Additionally, with Hybrid Cloudkick, companies can now manage their existing non-cloud infrastructure as if it was cloud based.", "updated_on": "2014-07-08T13:05:02.347Z", "external_fallback": "http://cloudkick.com/", "technology": [], "slug": "cloudkick", "service_offered": [3], "name": "Cloudkick"}}, {"pk": 37, "model": "cms.partner", "fields": {"region": [], "updated_by": "TEST_USER", "logo": "http://assets.ubuntu.com/sites/ubuntu/1121/u/img/logos/partners/Logo_CohesiveFT-Logo_2009-3-6.jpg", "notes": "", "programme": [], "external_page": "http://www.cohesiveft.com/", "featured": false, "created_by": "TEST_USER", "long_description": "", "industry_sector": [], "created_on": "2014-07-01T14:13:37.746Z", "generate_page": false, "published": true, "short_description": "Cohesive Flexible Technologies provides onboarding solutions for virtual and cloud computing infrastructures. Their Elastic Server\u00ae platform is a web-based factory for creating, deploying and managing custom multi-sourced servers comprised of horizontal, open source and third-party software components. Additionally the VPN-Cubed\u00ae packaged service gives customers control of networking in the clouds, across clouds and between their private data cente.", "updated_on": "2014-07-08T13:05:02.332Z", "external_fallback": "http://www.cohesiveft.com/", "technology": [], "slug": "cohesive-ft", "service_offered": [3], "name": "Cohesive FT"}}, {"pk": 38, "model": "cms.partner", "fields": {"region": [], "updated_by": "TEST_USER", "logo": "http://assets.ubuntu.com/sites/ubuntu/1121/u/img/logos/partners/Colosa.png", "notes": "", "programme": [], "external_page": "http://www.colosa.com/", "featured": false, "created_by": "TEST_USER", "long_description": "", "industry_sector": [], "created_on": "2014-07-01T14:16:55.723Z", "generate_page": false, "published": true, "short_description": "Colosa Inc For workers in organizations that must process and manage a heavy workload of requests as part of their job, ProcessMaker workflow automation software offers help. With limited IT resources, both technology and business users can improve communication and resolution of requests across departments, including human resources, finance, and operations.", "updated_on": "2014-07-08T13:06:58.123Z", "external_fallback": "http://www.colosa.com/", "technology": [], "slug": "colosa-inc", "service_offered": [3], "name": "Colosa Inc"}}, {"pk": 39, "model": "cms.partner", "fields": {"region": [], "updated_by": "TEST_USER", "logo": "http://assets.ubuntu.com/sites/ubuntu/1121/u/img/logos/partners/cmdprompt.png", "notes": "", "programme": [], "external_page": "http://www.commandprompt.com/", "featured": false, "created_by": "TEST_USER", "long_description": "", "industry_sector": [], "created_on": "2014-07-01T14:17:44.744Z", "generate_page": false, "published": true, "short_description": "Command Prompt Inc. Based in Oregon, The PostgreSQL Company, Command Prompt, Inc. is the oldest and largest dedicated PostgreSQL support provider in North America. Since 1997, they have been developing, supporting, deploying and advocating the use of the \u201cWorld's Most Advanced Open Source Database\u201d. The preferred deployment platform for PostgreSQL is Ubuntu.", "updated_on": "2014-07-08T13:06:58.120Z", "external_fallback": "http://www.commandprompt.com/", "technology": [], "slug": "command-prompt-inc", "service_offered": [3], "name": "Command Prompt Inc."}}, {"pk": 40, "model": "cms.partner", "fields": {"region": [], "updated_by": "TEST_USER", "logo": "http://assets.ubuntu.com/sites/ubuntu/1121/u/img/logos/partners/Convirture_Logo_scaled.jpg", "notes": "", "programme": [], "external_page": "http://www.convirture.com/", "featured": false, "created_by": "TEST_USER", "long_description": "", "industry_sector": [], "created_on": "2014-07-01T14:18:39.701Z", "generate_page": false, "published": true, "short_description": "ConVirt 2.0 provides enterprise-grade management of open source virtualization platforms, enabling you to build out your virtualized data center and private cloud in the most flexible and cost effective way. ConVirt manages both Xen and KVM, shipped with commercial or community Linux distributions , from a single console and with consistent feature set across virtualization ...", "updated_on": "2014-07-08T13:06:58.117Z", "external_fallback": "http://www.convirture.com/", "technology": [], "slug": "convirture-corporation", "service_offered": [3], "name": "Convirture Corporation"}}, {"pk": 41, "model": "cms.partner", "fields": {"region": [], "updated_by": "TEST_USER", "logo": "http://assets.ubuntu.com/sites/ubuntu/1121/u/img/logos/partners/couchbase_logo_final_SCALED___.png", "notes": "", "programme": [], "external_page": "http://www.northscale.com/", "featured": false, "created_by": "TEST_USER", "long_description": "", "industry_sector": [], "created_on": "2014-07-01T14:19:28.108Z", "generate_page": false, "published": true, "short_description": "Couchbase is the name of the NoSQL database company and product family created through the merger of CouchOne and Membase. Couchbase products, which are built on Apache CouchDB, Membase, and memcached open source software, represent the most comprehensive family of data management solutions for building scalable web and mobile applications.", "updated_on": "2014-07-08T13:06:58.113Z", "external_fallback": "http://www.northscale.com/", "technology": [], "slug": "couchbase", "service_offered": [3], "name": "Couchbase"}}, {"pk": 42, "model": "cms.partner", "fields": {"region": [], "updated_by": "TEST_USER", "logo": "http://assets.ubuntu.com/sites/ubuntu/1121/u/img/logos/partners/yaSSLLog_scaled____.jpg", "notes": "", "programme": [], "external_page": "http://www.yassl.com/", "featured": false, "created_by": "TEST_USER", "long_description": "", "industry_sector": [], "created_on": "2014-07-01T14:20:11.041Z", "generate_page": false, "published": true, "short_description": "CyaSSL is a lightweight yet fully functional embedded SSL Library for programmers building security into applications and devices. CyaSSL employs the dual licensing model, like MySQL, so it is available under the open source GPLv2 and standard commercial licensing.", "updated_on": "2014-07-08T13:06:58.110Z", "external_fallback": "http://www.yassl.com/", "technology": [], "slug": "cyassl", "service_offered": [3], "name": "CyaSSL"}}, {"pk": 43, "model": "cms.partner", "fields": {"region": [], "updated_by": "TEST_USER", "logo": "http://assets.ubuntu.com/sites/ubuntu/1121/u/img/logos/partners/Logo-Eucalyptus_Logo_two_words.png", "notes": "", "programme": [], "external_page": "http://www.eucalyptus.com/", "featured": false, "created_by": "TEST_USER", "long_description": "", "industry_sector": [], "created_on": "2014-07-01T14:20:51.909Z", "generate_page": false, "published": true, "short_description": "Eucalyptus Systems, Inc is an open-source system for implementing on-premise private and hybrid clouds using the hardware and software infrastructure that is in place, without modification. With Eucalyptus, IT organizations reduce both costs and system administration burden while providing end-users superior levels of service through public cloud interoperability and Linux distribution portability.", "updated_on": "2014-07-08T13:06:58.106Z", "external_fallback": "http://www.eucalyptus.com/", "technology": [], "slug": "eucalyptus-systems-inc", "service_offered": [3], "name": "Eucalyptus Systems, Inc"}}, {"pk": 44, "model": "cms.partner", "fields": {"region": [], "updated_by": "TEST_USER", "logo": "http://assets.ubuntu.com/sites/ubuntu/1121/u/img/logos/partners/fermat.png", "notes": "", "programme": [], "external_page": "", "featured": false, "created_by": "TEST_USER", "long_description": "", "industry_sector": [], "created_on": "2014-07-01T14:21:46.997Z", "generate_page": false, "published": true, "short_description": "Fermat Consulting is specialized in providing services for financial derivative contracts valuation and risk management. With the Fairmat project we are committed to make financial valuation accessible to (almost) everyone and to provide a flexible tool that can be extended to cover (almost) any derivative contracts on (almost) any underlying asset.", "updated_on": "2014-07-08T13:06:58.103Z", "external_fallback": "", "technology": [], "slug": "fermat-consulting", "service_offered": [], "name": "Fermat Consulting"}}, {"pk": 45, "model": "cms.partner", "fields": {"region": [], "updated_by": "TEST_USER", "logo": "http://assets.ubuntu.com/sites/ubuntu/1121/u/img/logos/partners/Fluendo-new.png", "notes": "", "programme": [], "external_page": "http://www.fluendo.com/", "featured": false, "created_by": "TEST_USER", "long_description": "", "industry_sector": [], "created_on": "2014-07-01T14:22:26.459Z", "generate_page": false, "published": true, "short_description": "For several years Fluendo has been recognized as a leading provider of multimedia solutions for GNU/Linux and Free Software in general. Fluendo provides a wide range of products on and for GStreamer, including proprietary codecs with their respective patent licenses, a DVD player and a media center. The Fluendo MP3 decoder is included in Ubuntu ...", "updated_on": "2014-07-08T13:06:58.099Z", "external_fallback": "http://www.fluendo.com/", "technology": [], "slug": "fluendo", "service_offered": [3], "name": "Fluendo"}}, {"pk": 46, "model": "cms.partner", "fields": {"region": [], "updated_by": "TEST_USER", "logo": "http://assets.ubuntu.com/sites/ubuntu/1121/u/img/logos/partners/foradian_logoscaled_.png", "notes": "", "programme": [], "external_page": "http://www.foradian.com/", "featured": false, "created_by": "TEST_USER", "long_description": "", "industry_sector": [], "created_on": "2014-07-01T14:32:03.885Z", "generate_page": false, "published": true, "short_description": "Foradian Technologies is an internet engineering company based out of India who loves developing amazing web applications on open-source technologies. Foradian is well known for Project Fedena [www.projectfedena.org] - an open-source school ERP, which is getting implemented in educational institutes all around the world.", "updated_on": "2014-07-08T13:06:58.096Z", "external_fallback": "http://www.foradian.com/", "technology": [], "slug": "foradian-technologies", "service_offered": [3], "name": "Foradian Technologies"}}, {"pk": 47, "model": "cms.partner", "fields": {"region": [], "updated_by": "TEST_USER", "logo": "http://assets.ubuntu.com/sites/ubuntu/1121/u/img/logos/partners/axigen.png", "notes": "", "programme": [2], "external_page": "http://www.axigen.com/", "featured": true, "created_by": "TEST_USER", "long_description": "", "industry_sector": [], "created_on": "2014-07-01T14:32:41.992Z", "generate_page": false, "published": true, "short_description": "Gecad Technologies Established in 2001, Gecad Technologies focuses on the development and distribution of innovative messaging solutions, under the brand name AXIGEN. AXIGEN Mail Server is THE mail server for Linux professionals, offering unmatched manageability and control over all details email traffic and being backed by outstanding 24/7 technical support services.", "updated_on": "2014-07-08T13:06:58.090Z", "external_fallback": "http://www.axigen.com/", "technology": [], "slug": "gecad-technologies", "service_offered": [3], "name": "Gecad Technologies"}}, {"pk": 48, "model": "cms.partner", "fields": {"region": [], "updated_by": "TEST_USER", "logo": "http://assets.ubuntu.com/sites/ubuntu/1123/u/img/logos/partners/graebert_vert_scaled.jpg", "notes": "", "programme": [], "external_page": "http://www.graebert.com/", "featured": false, "created_by": "TEST_USER", "long_description": "", "industry_sector": [], "created_on": "2014-07-10T14:16:18.320Z", "generate_page": false, "published": true, "short_description": "ARES\u2122 Commander Edition is the world\u2019s first professional native DWG 2D/3D CAD software for all three major platforms: Windows\u00ae, Mac\u00ae OS X and Linux. It\u2019s available in 13 languages, fully compatible with the latest AutoCAD\u00ae DWG/DXF standards and integrates ACIS 3D Solid Modeling. Graebert\u2019s SDK allows companies to create custom applications based on ARES \u2013 ...", "updated_on": "2014-07-10T14:16:18.320Z", "external_fallback": "http://www.graebert.com/", "technology": [], "slug": "graebert-gmbh", "service_offered": [], "name": "Graebert GmbH"}}, {"pk": 49, "model": "cms.partner", "fields": {"region": [], "updated_by": "TEST_USER", "logo": "http://assets.ubuntu.com/sites/ubuntu/1123/u/img/logos/partners/GWOS_scaled.jpg", "notes": "", "programme": [], "external_page": "http://www.groundworkopensource.com/", "featured": false, "created_by": "TEST_USER", "long_description": "", "industry_sector": [], "created_on": "2014-07-10T14:17:24.057Z", "generate_page": false, "published": true, "short_description": "GroundWork Open Source, Inc. is the market leader in commercial open source network and systems management software, delivering enterprise-class network, system and application management solutions at a fraction of the cost of proprietary solutions. GWOS's best of breed approach gives customers the flexibility to use diverse open source and proprietary technologies together under a unified interface, allowing users to ...", "updated_on": "2014-07-10T14:17:24.058Z", "external_fallback": "http://www.groundworkopensource.com/", "technology": [], "slug": "groundwork-open-source-inc", "service_offered": [], "name": "GroundWork Open Source, Inc"}}, {"pk": 50, "model": "cms.partner", "fields": {"region": [], "updated_by": "TEST_USER", "logo": "http://assets.ubuntu.com/sites/ubuntu/1123/u/img/logos/partners/Hansaworld.png", "notes": "", "programme": [], "external_page": "http://www.hansaworld.com/", "featured": false, "created_by": "TEST_USER", "long_description": "", "industry_sector": [], "created_on": "2014-07-10T14:18:23.081Z", "generate_page": false, "published": true, "short_description": "HansaWorld provides integrated business solutions including financials, ERP, CRM, e-Business, retail and production. HansaWorld is available in 28 languages and is represented in many countries in Europe, Latin America, Africa, Australia, Asia and the Middle East. HansaWorld carries out continuous industry leading research and development, pioneering the use of modern technology for ERP and CRM.", "updated_on": "2014-07-10T14:18:23.081Z", "external_fallback": "http://www.hansaworld.com/", "technology": [], "slug": "hansaworld", "service_offered": [], "name": "HansaWorld"}}, {"pk": 51, "model": "cms.partner", "fields": {"region": [], "updated_by": "TEST_USER", "logo": "http://assets.ubuntu.com/sites/ubuntu/1123/u/img/logos/partners/i4waresoftwarelogo2.png", "notes": "", "programme": [], "external_page": "http://www.i4ware.fi/", "featured": false, "created_by": "TEST_USER", "long_description": "", "industry_sector": [], "created_on": "2014-07-10T14:19:55.915Z", "generate_page": false, "published": true, "short_description": "i4ware Software provides a professional services and product for Application Lifecycle Management and Software Development. Company focusing to make these services and product for Ubuntu Server or Ubuntu Desktop supported.", "updated_on": "2014-07-10T14:19:55.915Z", "external_fallback": "http://www.i4ware.fi/", "technology": [], "slug": "i4ware-software", "service_offered": [], "name": "i4ware Software"}}, {"pk": 52, "model": "cms.partner", "fields": {"region": [], "updated_by": "TEST_USER", "logo": "http://assets.ubuntu.com/sites/ubuntu/1123/u/img/logos/partners/UltraEdit.png", "notes": "", "programme": [], "external_page": "http://www.ultraedit.com/", "featured": false, "created_by": "TEST_USER", "long_description": "", "industry_sector": [], "created_on": "2014-07-10T14:21:09.191Z", "generate_page": false, "published": true, "short_description": "IDM Computer Solutions UltraEdit is the ideal text, hex and advanced programmer's editor. With millions of users worldwide, UltraEdit is the #1 selling, most powerful, value priced text editor available! Download UEx today in the Ubuntu Partner Repository and discover why millions prefer UltraEdit as their text editing solution! Exclusive Ubuntu community discounts sponsored by Canonical and IDM.", "updated_on": "2014-07-10T14:21:09.191Z", "external_fallback": "http://www.ultraedit.com/", "technology": [], "slug": "idm-computer-solutions", "service_offered": [], "name": "IDM Computer Solutions"}}, {"pk": 53, "model": "cms.partner", "fields": {"region": [], "updated_by": "TEST_USER", "logo": "http://assets.ubuntu.com/sites/ubuntu/1123/u/img/logos/partners/inlab.png", "notes": "", "programme": [], "external_page": "http://www.inlab.de/balanceng/", "featured": false, "created_by": "TEST_USER", "long_description": "", "industry_sector": [], "created_on": "2014-07-10T14:22:07.380Z", "generate_page": false, "published": true, "short_description": "Inlab Software GmbH offers BalanceNG, a software based TCP/IP load-balancer.", "updated_on": "2014-07-10T14:22:07.381Z", "external_fallback": "http://www.inlab.de/balanceng/", "technology": [], "slug": "inlab-software-gmbh", "service_offered": [], "name": "Inlab Software GmbH"}}, {"pk": 54, "model": "cms.partner", "fields": {"region": [], "updated_by": "TEST_USER", "logo": "http://assets.ubuntu.com/sites/ubuntu/1123/u/img/logos/partners/Intalio.png", "notes": "", "programme": [], "external_page": "http://www.intalio.com/", "featured": false, "created_by": "TEST_USER", "long_description": "", "industry_sector": [], "created_on": "2014-07-10T14:22:46.496Z", "generate_page": false, "published": true, "short_description": "Intalio is the first company to deliver an integrated cloud computing platform designed for the Enterprise. Intalio|Cloud leverages a unique combination of hardware and software to deliver an enterprise-grade cloud computing experience, with dynamic provisioning and elastic scalability. Intalio offers services to enable its customers to efficiently and quickly deploy cloud-computing solutions in their Enterprises.", "updated_on": "2014-07-10T14:22:46.496Z", "external_fallback": "http://www.intalio.com/", "technology": [], "slug": "intalio", "service_offered": [], "name": "Intalio"}}, {"pk": 55, "model": "cms.partner", "fields": {"region": [], "updated_by": "TEST_USER", "logo": "http://assets.ubuntu.com/sites/ubuntu/1123/u/img/logos/partners/K7Cloudlogo_scaled.png", "notes": "", "programme": [], "external_page": "http://www.k7cloud.com/", "featured": false, "created_by": "TEST_USER", "long_description": "", "industry_sector": [], "created_on": "2014-07-10T14:23:36.548Z", "generate_page": false, "published": true, "short_description": "K7 CloudSolutions Pvt Turn public or private clouds into PaaS offerings easily with K7 Cloud's Cyclozzo. Cyclozzo is designed to easily accommodate future PaaS standards. Currently, Cyclozzo fully re-implements Google(TM) App Engine's Java and Python APIs, enabling users to migrate applications to and from GAE and Cyclozzo without changing application code.", "updated_on": "2014-07-10T14:23:36.548Z", "external_fallback": "http://www.k7cloud.com/", "technology": [], "slug": "k7-cloudsolutions-pvt", "service_offered": [], "name": "K7 CloudSolutions Pvt"}}, {"pk": 56, "model": "cms.partner", "fields": {"region": [], "updated_by": "TEST_USER", "logo": "http://assets.ubuntu.com/sites/ubuntu/1123/u/img/logos/partners/Kaavo.png", "notes": "", "programme": [], "external_page": "http://www.kaavo.com/", "featured": false, "created_by": "TEST_USER", "long_description": "", "industry_sector": [], "created_on": "2014-07-10T14:26:47.272Z", "generate_page": false, "published": true, "short_description": "Kaavo provides solutions for managing distributed applications and workloads in the clouds. Kaavo is the first and only company to deliver a solution with a top down application focused approach to IT infrastructure management in public and private clouds; enabling users to maximize the full potential of cloud computing.", "updated_on": "2014-07-10T14:26:47.272Z", "external_fallback": "http://www.kaavo.com/", "technology": [], "slug": "kaavo", "service_offered": [], "name": "Kaavo"}}, {"pk": 57, "model": "cms.partner", "fields": {"region": [], "updated_by": "TEST_USER", "logo": "http://assets.ubuntu.com/sites/ubuntu/1123/u/img/logos/partners/karmasphere_logo_scaled.jpg", "notes": "", "programme": [], "external_page": "http://www.karmasphere.com/", "featured": false, "created_by": "TEST_USER", "long_description": "", "industry_sector": [], "created_on": "2014-07-10T14:27:28.545Z", "generate_page": false, "published": true, "short_description": "Karmasphere is a Big Data Intelligence software company bringing Apache Hadoop power to the desktop. Karmasphere Studio takes developers and architects from learning to production quality development and is available in free Community and Professional editions. Karmasphere Analyst gives analysts easy, familiar, graphical SQL access to big data in Hadoop.", "updated_on": "2014-07-10T14:29:26.838Z", "external_fallback": "http://www.karmasphere.com/", "technology": [], "slug": "karmasphere", "service_offered": [3], "name": "Karmasphere"}}, {"pk": 58, "model": "cms.partner", "fields": {"region": [], "updated_by": "TEST_USER", "logo": "http://assets.ubuntu.com/sites/ubuntu/1123/u/img/logos/partners/knowledgetree.png", "notes": "", "programme": [], "external_page": "http://www.knowledgetree.com/", "featured": false, "created_by": "TEST_USER", "long_description": "", "industry_sector": [], "created_on": "2014-07-10T14:30:15.779Z", "generate_page": false, "published": true, "short_description": "KnowledgeTree Inc makes sharing content and controlling document processes simple with secure, affordable online document management solutions for growing SMBs and departments at larger companies. Designed for business professionals, KnowledgeTree is easy to use, does not require extensive training and enables content to be accessed and managed anytime, anywhere via cloud computing.", "updated_on": "2014-07-10T14:30:15.779Z", "external_fallback": "http://www.knowledgetree.com/", "technology": [], "slug": "knowledgetree-inc", "service_offered": [3], "name": "KnowledgeTree Inc"}}, {"pk": 59, "model": "cms.partner", "fields": {"region": [], "updated_by": "TEST_USER", "logo": "http://assets.ubuntu.com/sites/ubuntu/1123/u/img/logos/partners/beyondtrustlogo.jpeg", "notes": "", "programme": [], "external_page": "http://www.beyondtrust.com/", "featured": false, "created_by": "TEST_USER", "long_description": "", "industry_sector": [], "created_on": "2014-07-10T14:37:48.011Z", "generate_page": false, "published": true, "short_description": "BeyondTrust is the only security solution vendor providing Context-Aware Security Intelligence, giving our customers the visibility and controls necessary to reduce their IT security risks, while at the same time simplifying their compliance reporting.", "updated_on": "2014-07-10T14:37:48.011Z", "external_fallback": "http://www.beyondtrust.com/", "technology": [], "slug": "beyondtrust", "service_offered": [3], "name": "BeyondTrust"}}, {"pk": 60, "model": "cms.partner", "fields": {"region": [], "updated_by": "TEST_USER", "logo": "http://assets.ubuntu.com/sites/ubuntu/1123/u/img/logos/partners/LB_logo_blackback_scaled.jpg", "notes": "", "programme": [], "external_page": "http://www.linmin.com/", "featured": false, "created_by": "TEST_USER", "long_description": "", "industry_sector": [], "created_on": "2014-07-10T14:47:01.200Z", "generate_page": false, "published": true, "short_description": "LinMin Corp LinMin Bare Metal Provisioning remotely installs Ubuntu and other operating systems onto servers, blades, desktops and virtual machines. In addition to true native and unattended distro installations, LinMin can also capture entire disk images, store them on the network and restore them for disaster recovery or clone them to identical hardware.", "updated_on": "2014-07-10T15:00:02.132Z", "external_fallback": "http://www.linmin.com/", "technology": [], "slug": "linmin-corp-linmin-bare-metal-provisioning-remotel", "service_offered": [], "name": "LinMin Corp"}}, {"pk": 61, "model": "cms.partner", "fields": {"region": [], "updated_by": "TEST_USER", "logo": "http://assets.ubuntu.com/sites/ubuntu/1123/u/img/logos/partners/magnolia.png", "notes": "", "programme": [], "external_page": "http://www.magnolia-cms.com/", "featured": false, "created_by": "TEST_USER", "long_description": "", "industry_sector": [], "created_on": "2014-07-10T14:58:22.383Z", "generate_page": false, "published": true, "short_description": "Magnolia CMS powers the websites of governments as well as leading Fortune 500 enterprises world-wide. It is favored for its ease-of-use and availability under an Open Source license. Magnolia contains best-of-breed Java technology based on open standards and best practices.", "updated_on": "2014-07-10T14:58:22.383Z", "external_fallback": "http://www.magnolia-cms.com/", "technology": [], "slug": "smagnolia", "service_offered": [3], "name": "sMagnolia"}}, {"pk": 62, "model": "cms.partner", "fields": {"region": [], "updated_by": "TEST_USER", "logo": "http://assets.ubuntu.com/sites/ubuntu/1123/u/img/logos/partners/ManageIQ.png", "notes": "", "programme": [], "external_page": "http://www.manageiq.com/", "featured": false, "created_by": "TEST_USER", "long_description": "", "industry_sector": [], "created_on": "2014-07-10T14:59:37.399Z", "generate_page": false, "published": true, "short_description": "ManageIQ, Inc. is the emerging leader in the management and automation of virtualized computing environments. ManageIQ solutions are designed and built for the unique challenges introduced by virtualization and enable IT organizations to realize the benefits of virtualization while achieving higher levels of insight, control and automation.", "updated_on": "2014-07-10T14:59:37.399Z", "external_fallback": "http://www.manageiq.com/", "technology": [], "slug": "manageiq", "service_offered": [3], "name": "ManageIQ"}}, {"pk": 1, "model": "cms.quote", "fields": {"partner": 1, "attribution": "Forrest Norrod, VP and GM, Dell Server Solutions.", "text": "Ubuntu is one of the leading enterprise-class Linux distributions and demand for the OS is growing among hyperscale customers"}}, {"pk": 2, "model": "cms.quote", "fields": {"partner": 1, "attribution": "David Duffey, Canonical\u2019s Director of Technical Partnerships", "text": "As part of this agreement Canonical will add Dell 11G & 12G PowerEdge models to the Ubuntu Server 12.04 LTS Certification List and Dell will add Ubuntu Server to its Linux OS Support Matrix"}}, {"pk": 3, "model": "cms.quote", "fields": {"partner": 1, "attribution": "Tui Leauanae, Dell\u2019s Linux Portfolio Manager", "text": "With Ubuntu Server, Dell and Canonical, makers of Ubuntu, are in a great position to service hyperscale deployments"}}, {"pk": 4, "model": "cms.quote", "fields": {"partner": 1, "attribution": "Jose De la Rosa, Dell Linux Engineer", "text": "If you are deploying Ubuntu Server on Dell PowerEdge or PowerEdge-C, you can be confident that Dell and Canonical will be able to effectively support your needs going forward"}}, {"pk": 5, "model": "cms.quote", "fields": {"partner": 13, "attribution": "Saar Gillai, VP and GM  Converged Cloud, HP", "text": "Enterprises are embracing open-source cloud solutions to increase workload portability and avoid vendor lock-in"}}, {"pk": 1, "model": "cms.link", "fields": {"url": "http://en.community.dell.com/techcenter/b/techcenter/archive/2013/03/11/ubuntu-server-now-supported-on-dell-poweredge-amp-poweredge-c.aspx", "partner": 1, "text": "Read the Dell TechCenter Blog"}}, {"pk": 2, "model": "cms.link", "fields": {"url": "http://en.community.dell.com/dell-blogs/enterprise/b/inside-enterprise-it/archive/2013/03/11/dell-and-canonical-support-ubuntu-enterprise-server-on-dell-poweredge-servers.aspx", "partner": 1, "text": "Read the Dell Inside Enterprise IT Blog"}}, {"pk": 3, "model": "cms.link", "fields": {"url": "http://www.ubuntu.com/sites/default/files/active/pdfs/Brochure-Server-Edition-1004LTS.pdf", "partner": 13, "text": "More about Ubuntu Server"}}, {"pk": 4, "model": "cms.link", "fields": {"url": "http://www.hp.com/go/ubuntu", "partner": 13, "text": "More about our relationship with HP"}}, {"pk": 1, "model": "cms.insightstag", "fields": {"partner": 1, "tag": "dell"}}, {"pk": 2, "model": "cms.insightstag", "fields": {"partner": 9, "tag": "asus"}}, {"pk": 3, "model": "cms.insightstag", "fields": {"partner": 13, "tag": "hp"}}, {"pk": 1, "model": "cms.text", "fields": {"body": "The complete range of Dell\u2019s PowerEdge 12G servers are now certified with Ubuntu 12.04 LTS. These servers complement the Dell PowerEdge 11G and 10G Servers which have already been certified for Ubuntu, giving customers a wide choice of high performance devices for scale-out computing workloads.\r\n\r\nTogether, Dell and Canonical have extended their existing engineering agreement so customers with an Ubuntu Advantage support contract can have complete assurance - full software and hardware support from both companies.\r\n\r\nUbuntu Advantage is available from both Dell and Canonical. Customers can now deploy with confidence when purchasing Dell PowerEdge servers and Ubuntu Advantage.", "partner": 1, "image": "http://assets.ubuntu.com/sites/ubuntu/1124/u/img/partners/dell/image-dellservers.jpg", "url": "http://www.ubuntu.com/certification/server/make/Dell/?release=12.04+LTS", "header": "Canonical and Dell team together on PowerEdge 12G servers"}}, {"pk": 2, "model": "cms.text", "fields": {"body": "As the leading OS for ARM-based hyperscale computing, we\u2019re partnering with HP to disrupt the server marketplace.", "partner": 13, "image": "http://assets.ubuntu.com/sites/ubuntu/1124/u/img/partners/arm/image-hpmoonshot.svg", "url": "http://www.ubuntu.com/partners/hp/moonshot", "header": "Scale-out at speed with Ubuntu on HP Moonshot"}}, {"pk": 3, "model": "cms.text", "fields": {"body": "HP Public Cloud is built on Ubuntu. HP Cloud Services delivers public cloud infrastructure that\u2019s business grade, open source-based, and developer focused \u2014 all based on Ubuntu \r\nand OpenStack.\r\n\r\nHP Private Cloud solutions can be built using Ubuntu too.", "partner": 13, "image": "http://assets.ubuntu.com/sites/ubuntu/latest/u/img/partners/hp-partners-laptop.jpg", "url": "http://www.ubuntu.com/cloud/contact-us", "header": "HP Cloud with Ubuntu"}}, {"pk": 4, "model": "cms.text", "fields": {"body": "Customers who want the speed and simplicity of Ubuntu on their PC can select from a wide range of HP desktops and laptops certified and pre-loaded with \r\nthe OS.\r\n\r\nUbuntu provides developers with the largest selection of tools. Businesses get access to legacy applications without paying for unwanted licenses. Ubuntu gives all users a smooth experience and thousands of apps.", "partner": 13, "image": "http://assets.ubuntu.com/sites/ubuntu/latest/u/img/partners/hp-partners-laptop.jpg", "url": "http://www.ubuntu.com/certification/desktop/models/?query=hp&category=Desktop&category=Laptop&category=Netbook&release=&level=Any", "header": "Ubuntu for HP PCs"}}, {"pk": 5, "model": "cms.text", "fields": {"body": "Fast, stable, secure and easy-to-use Ubuntu pre-loaded on optimised HP hardware creates an environment that students, teachers and support staff will love using. System administrators will find management easy thanks to the OS support, and the system tools available. And the institution will benefit from HP-Ubuntu solutions\u2019 excellent performance and significantly lower budgetary requirements compared with their proprietary alternatives.", "partner": 13, "image": "http://assets.ubuntu.com/sites/ubuntu/1124/u/img/pictograms/image-picto-education-211.png", "url": "http://insights.ubuntu.com/news/ubuntu-helps-millions-of-indian-students-to-learn/", "header": "Ubuntu and HP in education"}}, {"pk": 6, "model": "cms.text", "fields": {"body": "With Ubuntu Server on HP ProLiant, you can deploy services faster and more flexibly than ever before.\r\n\r\nUbuntu is the ideal scale-out platform for web, big data and cloud. Crucially, Ubuntu Server includes Ubuntu Cloud, the Infrastructure as a Service (IAAS) platform built on OpenStack.\r\n\r\nUbuntu Server on HP ProLiant provides a cost-effective scale-out foundation for datacentres and cloud infrastructure. It includes native support for thousands of next-generation applications, from virtualisation and web serving to NoSQL and big data analytics.", "partner": 13, "image": "http://assets.ubuntu.com/sites/ubuntu/latest/u/img/partners/hp-partners-server.jpg", "url": "http://www.ubuntu.com/certification/server/models/?query=hp&release=&level=Any", "header": "Ubuntu Server for HP ProLiant"}}, {"pk": 7, "model": "cms.text", "fields": {"body": "Ubuntu Server and Ubuntu Desktop are certified and enabled across a wide range of HP ProLiant systems, so you can deploy with confidence.", "partner": 13, "image": "http://assets.ubuntu.com/sites/ubuntu/1124/u/img/partners/hp/image-certifiedsystems.svg", "url": "http://www.ubuntu.com/certification/make/HP/", "header": "Certified systems"}}]